00:00.656  blend            | Read blend: "D:\Endeavors\Coding\Projects\G(one) -\G(one) - APP\hardware\gone-pcb-3d\G-one-PCB.blend"
D:\Endeavors\Coding\Projects\G(one) -\G(one) - APP\hardware\gone-pcb-3d\export_glb.py:72: DeprecationWarning: 'Material.use_nodes' is expected to be removed in Blender 6.0
  p = next((n for n in m.node_tree.nodes if n.type == 'BSDF_PRINCIPLED'), None) if m.use_nodes else None
D:\Endeavors\Coding\Projects\G(one) -\G(one) - APP\hardware\gone-pcb-3d\export_glb.py:76: DeprecationWarning: 'Material.use_nodes' is expected to be removed in Blender 6.0
  m.use_nodes = True
INFO Draco is available, use library at D:\Blender\5.2\scripts\addons_core\io_scene_gltf2\bf_intern_draco_bridge.dll
INFO MeshOptimizer is available, use library at D:\Blender\5.2\scripts\addons_core\io_scene_gltf2\bf_intern_meshopt_bridge.dll
00:02:29 | INFO: Starting glTF 2.0 export
00:02:29 | INFO: Extracting primitive: H1 | annular land.002
00:02:29 | INFO: Primitives created: 1
00:02:29 | INFO: Extracting primitive: H1 | annular land.003
00:02:29 | INFO: Primitives created: 1
00:02:29 | INFO: Extracting primitive: H1 | barrel.001
00:02:29 | INFO: Primitives created: 1
00:02:29 | INFO: Extracting primitive: H2 | annular land.002
00:02:29 | INFO: Primitives created: 1
00:02:29 | INFO: Extracting primitive: H2 | annular land.003
00:02:29 | INFO: Primitives created: 1
00:02:29 | INFO: Extracting primitive: H2 | barrel.001
00:02:29 | INFO: Primitives created: 1
00:02:29 | INFO: Extracting primitive: H3 | annular land.002
00:02:29 | INFO: Primitives created: 1
00:02:29 | INFO: Extracting primitive: H3 | annular land.003
00:02:29 | INFO: Primitives created: 1
00:02:29 | INFO: Extracting primitive: H3 | barrel.001
00:02:29 | INFO: Primitives created: 1
00:02:29 | INFO: Extracting primitive: H4 | annular land.002
00:02:29 | INFO: Primitives created: 1
00:02:29 | INFO: Extracting primitive: H4 | annular land.003
00:02:29 | INFO: Primitives created: 1
00:02:29 | INFO: Extracting primitive: H4 | barrel.001
00:02:29 | INFO: Primitives created: 1
00:02:29 | INFO: Extracting primitive: H5 | annular land.002
00:02:29 | INFO: Primitives created: 1
00:02:29 | INFO: Extracting primitive: H5 | annular land.003
00:02:29 | INFO: Primitives created: 1
00:02:29 | INFO: Extracting primitive: H5 | barrel.001
00:02:29 | INFO: Primitives created: 1
00:02:29 | INFO: Extracting primitive: H6 | annular land.002
00:02:29 | INFO: Primitives created: 1
00:02:29 | INFO: Extracting primitive: H6 | annular land.003
00:02:29 | INFO: Primitives created: 1
00:02:29 | INFO: Extracting primitive: H6 | barrel.001
00:02:29 | INFO: Primitives created: 1
00:02:29 | INFO: Extracting primitive: PCB | 44 x 64 x 1.00 mm.001
00:02:29 | INFO: Primitives created: 2
00:02:29 | INFO: Extracting primitive: V001 | ENIG ring.002
00:02:29 | INFO: Primitives created: 1
00:02:29 | INFO: Extracting primitive: V001 | ENIG ring.003
00:02:29 | INFO: Primitives created: 1
00:02:29 | INFO: Extracting primitive: V001 | plated through via.001
00:02:29 | INFO: Primitives created: 1
00:02:29 | INFO: Extracting primitive: V002 | ENIG ring.002
00:02:29 | INFO: Primitives created: 1
00:02:29 | INFO: Extracting primitive: V002 | ENIG ring.003
00:02:29 | INFO: Primitives created: 1
00:02:29 | INFO: Extracting primitive: V002 | plated through via.001
00:02:29 | INFO: Primitives created: 1
00:02:29 | INFO: Extracting primitive: V003 | ENIG ring.002
00:02:29 | INFO: Primitives created: 1
00:02:29 | INFO: Extracting primitive: V003 | ENIG ring.003
00:02:29 | INFO: Primitives created: 1
00:02:29 | INFO: Extracting primitive: V003 | plated through via.001
00:02:29 | INFO: Primitives created: 1
00:02:29 | INFO: Extracting primitive: V004 | ENIG ring.002
00:02:29 | INFO: Primitives created: 1
00:02:29 | INFO: Extracting primitive: V004 | ENIG ring.003
00:02:29 | INFO: Primitives created: 1
00:02:29 | INFO: Extracting primitive: V004 | plated through via.001
00:02:29 | INFO: Primitives created: 1
00:02:29 | INFO: Extracting primitive: V005 | ENIG ring.002
00:02:29 | INFO: Primitives created: 1
00:02:29 | INFO: Extracting primitive: V005 | ENIG ring.003
00:02:29 | INFO: Primitives created: 1
00:02:29 | INFO: Extracting primitive: V005 | plated through via.001
00:02:29 | INFO: Primitives created: 1
00:02:29 | INFO: Extracting primitive: V006 | ENIG ring.002
00:02:29 | INFO: Primitives created: 1
00:02:29 | INFO: Extracting primitive: V006 | ENIG ring.003
00:02:29 | INFO: Primitives created: 1
00:02:29 | INFO: Extracting primitive: V006 | plated through via.001
00:02:29 | INFO: Primitives created: 1
00:02:29 | INFO: Extracting primitive: V007 | ENIG ring.002
00:02:29 | INFO: Primitives created: 1
00:02:29 | INFO: Extracting primitive: V007 | ENIG ring.003
00:02:29 | INFO: Primitives created: 1
00:02:29 | INFO: Extracting primitive: V007 | plated through via.001
00:02:29 | INFO: Primitives created: 1
00:02:29 | INFO: Extracting primitive: V008 | ENIG ring.002
00:02:29 | INFO: Primitives created: 1
00:02:29 | INFO: Extracting primitive: V008 | ENIG ring.003
00:02:29 | INFO: Primitives created: 1
00:02:29 | INFO: Extracting primitive: V008 | plated through via.001
00:02:29 | INFO: Primitives created: 1
00:02:29 | INFO: Extracting primitive: V009 | ENIG ring.002
00:02:29 | INFO: Primitives created: 1
00:02:29 | INFO: Extracting primitive: V009 | ENIG ring.003
00:02:29 | INFO: Primitives created: 1
00:02:29 | INFO: Extracting primitive: V009 | plated through via.001
00:02:29 | INFO: Primitives created: 1
00:02:29 | INFO: Extracting primitive: V010 | ENIG ring.002
00:02:29 | INFO: Primitives created: 1
00:02:29 | INFO: Extracting primitive: V010 | ENIG ring.003
00:02:29 | INFO: Primitives created: 1
00:02:29 | INFO: Extracting primitive: V010 | plated through via.001
00:02:29 | INFO: Primitives created: 1
00:02:29 | INFO: Extracting primitive: V011 | ENIG ring.002
00:02:29 | INFO: Primitives created: 1
00:02:29 | INFO: Extracting primitive: V011 | ENIG ring.003
00:02:29 | INFO: Primitives created: 1
00:02:29 | INFO: Extracting primitive: V011 | plated through via.001
00:02:29 | INFO: Primitives created: 1
00:02:29 | INFO: Extracting primitive: V012 | ENIG ring.002
00:02:29 | INFO: Primitives created: 1
00:02:29 | INFO: Extracting primitive: V012 | ENIG ring.003
00:02:29 | INFO: Primitives created: 1
00:02:29 | INFO: Extracting primitive: V012 | plated through via.001
00:02:29 | INFO: Primitives created: 1
00:02:29 | INFO: Extracting primitive: V013 | ENIG ring.002
00:02:29 | INFO: Primitives created: 1
00:02:29 | INFO: Extracting primitive: V013 | ENIG ring.003
00:02:29 | INFO: Primitives created: 1
00:02:29 | INFO: Extracting primitive: V013 | plated through via.001
00:02:29 | INFO: Primitives created: 1
00:02:29 | INFO: Extracting primitive: V014 | ENIG ring.002
00:02:29 | INFO: Primitives created: 1
00:02:29 | INFO: Extracting primitive: V014 | ENIG ring.003
00:02:29 | INFO: Primitives created: 1
00:02:29 | INFO: Extracting primitive: V014 | plated through via.001
00:02:29 | INFO: Primitives created: 1
00:02:29 | INFO: Extracting primitive: V015 | ENIG ring.002
00:02:29 | INFO: Primitives created: 1
00:02:29 | INFO: Extracting primitive: V015 | ENIG ring.003
00:02:29 | INFO: Primitives created: 1
00:02:29 | INFO: Extracting primitive: V015 | plated through via.001
00:02:29 | INFO: Primitives created: 1
00:02:29 | INFO: Extracting primitive: V016 | ENIG ring.002
00:02:29 | INFO: Primitives created: 1
00:02:29 | INFO: Extracting primitive: V016 | ENIG ring.003
00:02:29 | INFO: Primitives created: 1
00:02:29 | INFO: Extracting primitive: V016 | plated through via.001
00:02:29 | INFO: Primitives created: 1
00:02:29 | INFO: Extracting primitive: V017 | ENIG ring.002
00:02:29 | INFO: Primitives created: 1
00:02:29 | INFO: Extracting primitive: V017 | ENIG ring.003
00:02:29 | INFO: Primitives created: 1
00:02:29 | INFO: Extracting primitive: V017 | plated through via.001
00:02:29 | INFO: Primitives created: 1
00:02:29 | INFO: Extracting primitive: V018 | ENIG ring.002
00:02:29 | INFO: Primitives created: 1
00:02:29 | INFO: Extracting primitive: V018 | ENIG ring.003
00:02:29 | INFO: Primitives created: 1
00:02:29 | INFO: Extracting primitive: V018 | plated through via.001
00:02:29 | INFO: Primitives created: 1
00:02:29 | INFO: Extracting primitive: V019 | ENIG ring.002
00:02:29 | INFO: Primitives created: 1
00:02:29 | INFO: Extracting primitive: V019 | ENIG ring.003
00:02:29 | INFO: Primitives created: 1
00:02:29 | INFO: Extracting primitive: V019 | plated through via.001
00:02:29 | INFO: Primitives created: 1
00:02:29 | INFO: Extracting primitive: V020 | ENIG ring.002
00:02:29 | INFO: Primitives created: 1
00:02:29 | INFO: Extracting primitive: V020 | ENIG ring.003
00:02:29 | INFO: Primitives created: 1
00:02:29 | INFO: Extracting primitive: V020 | plated through via.001
00:02:29 | INFO: Primitives created: 1
00:02:29 | INFO: Extracting primitive: V021 | ENIG ring.002
00:02:29 | INFO: Primitives created: 1
00:02:29 | INFO: Extracting primitive: V021 | ENIG ring.003
00:02:29 | INFO: Primitives created: 1
00:02:29 | INFO: Extracting primitive: V021 | plated through via.001
00:02:29 | INFO: Primitives created: 1
00:02:29 | INFO: Extracting primitive: V022 | ENIG ring.002
00:02:29 | INFO: Primitives created: 1
00:02:29 | INFO: Extracting primitive: V022 | ENIG ring.003
00:02:29 | INFO: Primitives created: 1
00:02:29 | INFO: Extracting primitive: V022 | plated through via.001
00:02:29 | INFO: Primitives created: 1
00:02:29 | INFO: Extracting primitive: V023 | ENIG ring.002
00:02:29 | INFO: Primitives created: 1
00:02:29 | INFO: Extracting primitive: V023 | ENIG ring.003
00:02:29 | INFO: Primitives created: 1
00:02:29 | INFO: Extracting primitive: V023 | plated through via.001
00:02:29 | INFO: Primitives created: 1
00:02:29 | INFO: Extracting primitive: V024 | ENIG ring.002
00:02:29 | INFO: Primitives created: 1
00:02:29 | INFO: Extracting primitive: V024 | ENIG ring.003
00:02:29 | INFO: Primitives created: 1
00:02:29 | INFO: Extracting primitive: V024 | plated through via.001
00:02:29 | INFO: Primitives created: 1
00:02:29 | INFO: Extracting primitive: V025 | ENIG ring.002
00:02:29 | INFO: Primitives created: 1
00:02:29 | INFO: Extracting primitive: V025 | ENIG ring.003
00:02:29 | INFO: Primitives created: 1
00:02:29 | INFO: Extracting primitive: V025 | plated through via.001
00:02:29 | INFO: Primitives created: 1
00:02:29 | INFO: Extracting primitive: V026 | ENIG ring.002
00:02:29 | INFO: Primitives created: 1
00:02:29 | INFO: Extracting primitive: V026 | ENIG ring.003
00:02:29 | INFO: Primitives created: 1
00:02:29 | INFO: Extracting primitive: V026 | plated through via.001
00:02:29 | INFO: Primitives created: 1
00:02:29 | INFO: Extracting primitive: V027 | ENIG ring.002
00:02:29 | INFO: Primitives created: 1
00:02:29 | INFO: Extracting primitive: V027 | ENIG ring.003
00:02:29 | INFO: Primitives created: 1
00:02:29 | INFO: Extracting primitive: V027 | plated through via.001
00:02:29 | INFO: Primitives created: 1
00:02:29 | INFO: Extracting primitive: V028 | ENIG ring.002
00:02:29 | INFO: Primitives created: 1
00:02:29 | INFO: Extracting primitive: V028 | ENIG ring.003
00:02:29 | INFO: Primitives created: 1
00:02:29 | INFO: Extracting primitive: V028 | plated through via.001
00:02:29 | INFO: Primitives created: 1
00:02:29 | INFO: Extracting primitive: V029 | ENIG ring.002
00:02:29 | INFO: Primitives created: 1
00:02:29 | INFO: Extracting primitive: V029 | ENIG ring.003
00:02:29 | INFO: Primitives created: 1
00:02:29 | INFO: Extracting primitive: V029 | plated through via.001
00:02:29 | INFO: Primitives created: 1
00:02:29 | INFO: Extracting primitive: V030 | ENIG ring.002
00:02:29 | INFO: Primitives created: 1
00:02:29 | INFO: Extracting primitive: V030 | ENIG ring.003
00:02:29 | INFO: Primitives created: 1
00:02:29 | INFO: Extracting primitive: V030 | plated through via.001
00:02:29 | INFO: Primitives created: 1
00:02:29 | INFO: Extracting primitive: V031 | ENIG ring.002
00:02:29 | INFO: Primitives created: 1
00:02:29 | INFO: Extracting primitive: V031 | ENIG ring.003
00:02:29 | INFO: Primitives created: 1
00:02:29 | INFO: Extracting primitive: V031 | plated through via.001
00:02:29 | INFO: Primitives created: 1
00:02:29 | INFO: Extracting primitive: V032 | ENIG ring.002
00:02:29 | INFO: Primitives created: 1
00:02:29 | INFO: Extracting primitive: V032 | ENIG ring.003
00:02:29 | INFO: Primitives created: 1
00:02:29 | INFO: Extracting primitive: V032 | plated through via.001
00:02:29 | INFO: Primitives created: 1
00:02:29 | INFO: Extracting primitive: V033 | ENIG ring.002
00:02:29 | INFO: Primitives created: 1
00:02:29 | INFO: Extracting primitive: V033 | ENIG ring.003
00:02:29 | INFO: Primitives created: 1
00:02:29 | INFO: Extracting primitive: V033 | plated through via.001
00:02:29 | INFO: Primitives created: 1
00:02:29 | INFO: Extracting primitive: V034 | ENIG ring.002
00:02:29 | INFO: Primitives created: 1
00:02:29 | INFO: Extracting primitive: V034 | ENIG ring.003
00:02:29 | INFO: Primitives created: 1
00:02:29 | INFO: Extracting primitive: V034 | plated through via.001
00:02:29 | INFO: Primitives created: 1
00:02:29 | INFO: Extracting primitive: V035 | ENIG ring.002
00:02:29 | INFO: Primitives created: 1
00:02:29 | INFO: Extracting primitive: V035 | ENIG ring.003
00:02:29 | INFO: Primitives created: 1
00:02:29 | INFO: Extracting primitive: V035 | plated through via.001
00:02:29 | INFO: Primitives created: 1
00:02:29 | INFO: Extracting primitive: V036 | ENIG ring.002
00:02:29 | INFO: Primitives created: 1
00:02:29 | INFO: Extracting primitive: V036 | ENIG ring.003
00:02:29 | INFO: Primitives created: 1
00:02:29 | INFO: Extracting primitive: V036 | plated through via.001
00:02:29 | INFO: Primitives created: 1
00:02:29 | INFO: Extracting primitive: V037 | ENIG ring.002
00:02:29 | INFO: Primitives created: 1
00:02:29 | INFO: Extracting primitive: V037 | ENIG ring.003
00:02:29 | INFO: Primitives created: 1
00:02:29 | INFO: Extracting primitive: V037 | plated through via.001
00:02:29 | INFO: Primitives created: 1
00:02:29 | INFO: Extracting primitive: V038 | ENIG ring.002
00:02:29 | INFO: Primitives created: 1
00:02:29 | INFO: Extracting primitive: V038 | ENIG ring.003
00:02:29 | INFO: Primitives created: 1
00:02:29 | INFO: Extracting primitive: V038 | plated through via.001
00:02:29 | INFO: Primitives created: 1
00:02:29 | INFO: Extracting primitive: V039 | ENIG ring.002
00:02:29 | INFO: Primitives created: 1
00:02:29 | INFO: Extracting primitive: V039 | ENIG ring.003
00:02:29 | INFO: Primitives created: 1
00:02:29 | INFO: Extracting primitive: V039 | plated through via.001
00:02:29 | INFO: Primitives created: 1
00:02:29 | INFO: Extracting primitive: V040 | ENIG ring.002
00:02:29 | INFO: Primitives created: 1
00:02:29 | INFO: Extracting primitive: V040 | ENIG ring.003
00:02:29 | INFO: Primitives created: 1
00:02:29 | INFO: Extracting primitive: V040 | plated through via.001
00:02:29 | INFO: Primitives created: 1
00:02:29 | INFO: Extracting primitive: V041 | ENIG ring.002
00:02:29 | INFO: Primitives created: 1
00:02:29 | INFO: Extracting primitive: V041 | ENIG ring.003
00:02:29 | INFO: Primitives created: 1
00:02:29 | INFO: Extracting primitive: V041 | plated through via.001
00:02:29 | INFO: Primitives created: 1
00:02:29 | INFO: Extracting primitive: V042 | ENIG ring.002
00:02:29 | INFO: Primitives created: 1
00:02:29 | INFO: Extracting primitive: V042 | ENIG ring.003
00:02:29 | INFO: Primitives created: 1
00:02:29 | INFO: Extracting primitive: V042 | plated through via.001
00:02:29 | INFO: Primitives created: 1
00:02:29 | INFO: Extracting primitive: V043 | ENIG ring.002
00:02:29 | INFO: Primitives created: 1
00:02:29 | INFO: Extracting primitive: V043 | ENIG ring.003
00:02:29 | INFO: Primitives created: 1
00:02:29 | INFO: Extracting primitive: V043 | plated through via.001
00:02:29 | INFO: Primitives created: 1
00:02:29 | INFO: Extracting primitive: V044 | ENIG ring.002
00:02:29 | INFO: Primitives created: 1
00:02:29 | INFO: Extracting primitive: V044 | ENIG ring.003
00:02:29 | INFO: Primitives created: 1
00:02:29 | INFO: Extracting primitive: V044 | plated through via.001
00:02:29 | INFO: Primitives created: 1
00:02:29 | INFO: Extracting primitive: Text 16MB FLASH / 8MB PSRAM
00:02:29 | INFO: Primitives created: 1
00:02:29 | INFO: Extracting primitive: Text ESP32-S3-WROOM-1
00:02:29 | INFO: Primitives created: 1
00:02:29 | INFO: Extracting primitive: Text ESPRESSIF
00:02:29 | INFO: Primitives created: 1
00:02:29 | INFO: Extracting primitive: Text G-one  /  BLE
00:02:29 | INFO: Primitives created: 1
00:02:29 | INFO: Extracting primitive: Text N16R8
00:02:29 | INFO: Primitives created: 1
00:02:29 | INFO: Extracting primitive: Cube.849
00:02:29 | INFO: Primitives created: 1
00:02:29 | INFO: Extracting primitive: Cube.852
00:02:29 | INFO: Primitives created: 1
00:02:29 | INFO: Extracting primitive: Cube.874
00:02:29 | INFO: Primitives created: 1
00:02:29 | INFO: Extracting primitive: Cube.876
00:02:29 | INFO: Primitives created: 1
00:02:29 | INFO: Extracting primitive: Cube.878
00:02:29 | INFO: Primitives created: 1
00:02:29 | INFO: Extracting primitive: Cube.880
00:02:29 | INFO: Primitives created: 1
00:02:29 | INFO: Extracting primitive: Cube.882
00:02:29 | INFO: Primitives created: 1
00:02:29 | INFO: Extracting primitive: Cube.884
00:02:29 | INFO: Primitives created: 1
00:02:29 | INFO: Extracting primitive: Cube.886
00:02:29 | INFO: Primitives created: 1
00:02:29 | INFO: Extracting primitive: Cube.888
00:02:29 | INFO: Primitives created: 1
00:02:29 | INFO: Extracting primitive: Cube.890
00:02:29 | INFO: Primitives created: 1
00:02:29 | INFO: Extracting primitive: Cube.892
00:02:29 | INFO: Primitives created: 1
00:02:29 | INFO: Extracting primitive: Cube.894
00:02:29 | INFO: Primitives created: 1
00:02:29 | INFO: Extracting primitive: Cube.896
00:02:29 | INFO: Primitives created: 1
00:02:29 | INFO: Extracting primitive: Cube.193
00:02:29 | INFO: Primitives created: 1
00:02:29 | INFO: Extracting primitive: Cube.195
00:02:29 | INFO: Primitives created: 1
00:02:29 | INFO: Extracting primitive: Cube.380
00:02:29 | INFO: Primitives created: 1
00:02:29 | INFO: Extracting primitive: Cube.382
00:02:29 | INFO: Primitives created: 1
00:02:29 | INFO: Extracting primitive: Cube.384
00:02:29 | INFO: Primitives created: 1
00:02:29 | INFO: Extracting primitive: Cube.386
00:02:29 | INFO: Primitives created: 1
00:02:29 | INFO: Extracting primitive: Cube.388
00:02:29 | INFO: Primitives created: 1
00:02:29 | INFO: Extracting primitive: Cube.390
00:02:29 | INFO: Primitives created: 1
00:02:29 | INFO: Extracting primitive: Cube.392
00:02:29 | INFO: Primitives created: 1
00:02:29 | INFO: Extracting primitive: Cube.394
00:02:29 | INFO: Primitives created: 1
00:02:29 | INFO: Extracting primitive: Cube.396
00:02:29 | INFO: Primitives created: 1
00:02:29 | INFO: Extracting primitive: Cube.835
00:02:29 | INFO: Primitives created: 1
00:02:29 | INFO: Extracting primitive: Cube.837
00:02:29 | INFO: Primitives created: 1
00:02:29 | INFO: Extracting primitive: Cube.839
00:02:29 | INFO: Primitives created: 1
00:02:29 | INFO: Extracting primitive: Cube.910
00:02:29 | INFO: Primitives created: 1
00:02:29 | INFO: Extracting primitive: Cube.911
00:02:29 | INFO: Primitives created: 1
00:02:29 | INFO: Extracting primitive: Cube.912
00:02:29 | INFO: Primitives created: 1
00:02:29 | INFO: Extracting primitive: Cube.913
00:02:29 | INFO: Primitives created: 1
00:02:29 | INFO: Extracting primitive: Cube.914
00:02:29 | INFO: Primitives created: 1
00:02:29 | INFO: Extracting primitive: Cube.915
00:02:29 | INFO: Primitives created: 1
00:02:29 | INFO: Extracting primitive: Cube.916
00:02:29 | INFO: Primitives created: 1
00:02:29 | INFO: Extracting primitive: Cube.917
00:02:29 | INFO: Primitives created: 1
00:02:29 | INFO: Extracting primitive: Cube.918
00:02:29 | INFO: Primitives created: 1
00:02:29 | INFO: Extracting primitive: Cube.919
00:02:29 | INFO: Primitives created: 1
00:02:29 | INFO: Extracting primitive: Cube.920
00:02:29 | INFO: Primitives created: 1
00:02:29 | INFO: Extracting primitive: Cube.921
00:02:29 | INFO: Primitives created: 1
00:02:29 | INFO: Extracting primitive: Cube.922
00:02:29 | INFO: Primitives created: 1
00:02:29 | INFO: Extracting primitive: Cube.923
00:02:29 | INFO: Primitives created: 1
00:02:29 | INFO: Extracting primitive: Cube.924
00:02:29 | INFO: Primitives created: 1
00:02:29 | INFO: Extracting primitive: Cube.925
00:02:29 | INFO: Primitives created: 1
00:02:29 | INFO: Extracting primitive: Cube.926
00:02:29 | INFO: Primitives created: 1
00:02:29 | INFO: Extracting primitive: Cube.927
00:02:29 | INFO: Primitives created: 1
00:02:29 | INFO: Extracting primitive: Cube.928
00:02:29 | INFO: Primitives created: 1
00:02:29 | INFO: Extracting primitive: Cube.929
00:02:29 | INFO: Primitives created: 1
00:02:29 | INFO: Extracting primitive: Cube.930
00:02:29 | INFO: Primitives created: 1
00:02:29 | INFO: Extracting primitive: Cube.931
00:02:29 | INFO: Primitives created: 1
00:02:29 | INFO: Extracting primitive: Cube.932
00:02:29 | INFO: Primitives created: 1
00:02:29 | INFO: Extracting primitive: Cube.933
00:02:29 | INFO: Primitives created: 1
00:02:29 | INFO: Extracting primitive: Cube.934
00:02:29 | INFO: Primitives created: 1
00:02:29 | INFO: Extracting primitive: Cube.935
00:02:29 | INFO: Primitives created: 1
00:02:29 | INFO: Extracting primitive: Cube.936
00:02:29 | INFO: Primitives created: 1
00:02:29 | INFO: Extracting primitive: Cube.937
00:02:29 | INFO: Primitives created: 1
00:02:29 | INFO: Extracting primitive: Cube.938
00:02:29 | INFO: Primitives created: 1
00:02:29 | INFO: Extracting primitive: Cube.939
00:02:29 | INFO: Primitives created: 1
00:02:29 | INFO: Extracting primitive: Cube.940
00:02:29 | INFO: Primitives created: 1
00:02:29 | INFO: Extracting primitive: Cube.941
00:02:29 | INFO: Primitives created: 1
00:02:29 | INFO: Extracting primitive: Cube.942
00:02:29 | INFO: Primitives created: 1
00:02:29 | INFO: Extracting primitive: Cube.943
00:02:29 | INFO: Primitives created: 1
00:02:29 | INFO: Extracting primitive: Cube.944
00:02:29 | INFO: Primitives created: 1
00:02:29 | INFO: Extracting primitive: Cube.945
00:02:29 | INFO: Primitives created: 1
00:02:29 | INFO: Extracting primitive: Cube.946
00:02:29 | INFO: Primitives created: 1
00:02:29 | INFO: Extracting primitive: Cube.947
00:02:29 | INFO: Primitives created: 1
00:02:29 | INFO: Extracting primitive: Cube.948
00:02:29 | INFO: Primitives created: 1
00:02:29 | INFO: Extracting primitive: Cube.949
00:02:29 | INFO: Primitives created: 1
00:02:29 | INFO: Extracting primitive: Cube.950
00:02:29 | INFO: Primitives created: 1
00:02:29 | INFO: Extracting primitive: Cube.951
00:02:29 | INFO: Primitives created: 1
00:02:29 | INFO: Extracting primitive: Cube.952
00:02:29 | INFO: Primitives created: 1
00:02:29 | INFO: Extracting primitive: Cube.953
00:02:29 | INFO: Primitives created: 1
00:02:29 | INFO: Extracting primitive: Cube.954
00:02:29 | INFO: Primitives created: 1
00:02:29 | INFO: Extracting primitive: Cube.955
00:02:29 | INFO: Primitives created: 1
00:02:29 | INFO: Extracting primitive: Cube.956
00:02:29 | INFO: Primitives created: 1
00:02:29 | INFO: Extracting primitive: Cube.191
00:02:29 | INFO: Primitives created: 1
00:02:29 | INFO: Extracting primitive: Cube.192
00:02:29 | INFO: Primitives created: 1
00:02:29 | INFO: Extracting primitive: Cube.850
00:02:29 | INFO: Primitives created: 1
00:02:29 | INFO: Extracting primitive: Cube.873
00:02:29 | INFO: Primitives created: 1
00:02:29 | INFO: Extracting primitive: Cube.875
00:02:29 | INFO: Primitives created: 1
00:02:29 | INFO: Extracting primitive: Cube.877
00:02:29 | INFO: Primitives created: 1
00:02:29 | INFO: Extracting primitive: Cube.879
00:02:29 | INFO: Primitives created: 1
00:02:29 | INFO: Extracting primitive: Cube.881
00:02:29 | INFO: Primitives created: 1
00:02:29 | INFO: Extracting primitive: Cube.883
00:02:29 | INFO: Primitives created: 1
00:02:29 | INFO: Extracting primitive: Cube.885
00:02:29 | INFO: Primitives created: 1
00:02:29 | INFO: Extracting primitive: Cube.887
00:02:29 | INFO: Primitives created: 1
00:02:29 | INFO: Extracting primitive: Cube.889
00:02:29 | INFO: Primitives created: 1
00:02:29 | INFO: Extracting primitive: Cube.891
00:02:29 | INFO: Primitives created: 1
00:02:29 | INFO: Extracting primitive: Cube.893
00:02:29 | INFO: Primitives created: 1
00:02:29 | INFO: Extracting primitive: Cube.895
00:02:29 | INFO: Primitives created: 1
00:02:29 | INFO: Extracting primitive: Cube.897
00:02:29 | INFO: Primitives created: 1
00:02:29 | INFO: Extracting primitive: Cube.194
00:02:29 | INFO: Primitives created: 1
00:02:29 | INFO: Extracting primitive: Cube.196
00:02:29 | INFO: Primitives created: 1
00:02:29 | INFO: Extracting primitive: Cube.381
00:02:29 | INFO: Primitives created: 1
00:02:29 | INFO: Extracting primitive: Cube.383
00:02:29 | INFO: Primitives created: 1
00:02:29 | INFO: Extracting primitive: Cube.385
00:02:29 | INFO: Primitives created: 1
00:02:29 | INFO: Extracting primitive: Cube.387
00:02:29 | INFO: Primitives created: 1
00:02:29 | INFO: Extracting primitive: Cube.389
00:02:29 | INFO: Primitives created: 1
00:02:29 | INFO: Extracting primitive: Cube.391
00:02:29 | INFO: Primitives created: 1
00:02:29 | INFO: Extracting primitive: Cube.393
00:02:29 | INFO: Primitives created: 1
00:02:29 | INFO: Extracting primitive: Cube.395
00:02:29 | INFO: Primitives created: 1
00:02:29 | INFO: Extracting primitive: Cube.653
00:02:29 | INFO: Primitives created: 1
00:02:29 | INFO: Extracting primitive: Cube.836
00:02:29 | INFO: Primitives created: 1
00:02:29 | INFO: Extracting primitive: Cube.838
00:02:29 | INFO: Primitives created: 1
00:02:29 | INFO: Extracting primitive: Cube.840
00:02:29 | INFO: Primitives created: 1
00:02:29 | INFO: Extracting primitive: Cube.898
00:02:29 | INFO: Primitives created: 1
00:02:29 | INFO: Extracting primitive: Cube.899
00:02:29 | INFO: Primitives created: 1
00:02:29 | INFO: Extracting primitive: Cube.900
00:02:29 | INFO: Primitives created: 1
00:02:29 | INFO: Extracting primitive: Cube.901
00:02:29 | INFO: Primitives created: 1
00:02:29 | INFO: Extracting primitive: Cube.902
00:02:29 | INFO: Primitives created: 1
00:02:29 | INFO: Extracting primitive: Cube.903
00:02:29 | INFO: Primitives created: 1
00:02:29 | INFO: Extracting primitive: Cube.904
00:02:29 | INFO: Primitives created: 1
00:02:29 | INFO: Extracting primitive: Cube.905
00:02:29 | INFO: Primitives created: 1
00:02:29 | INFO: Extracting primitive: Cube.906
00:02:29 | INFO: Primitives created: 1
00:02:29 | INFO: Extracting primitive: Cube.907
00:02:29 | INFO: Primitives created: 1
00:02:29 | INFO: Extracting primitive: Cube.908
00:02:29 | INFO: Primitives created: 1
00:02:29 | INFO: Extracting primitive: Cube.909
00:02:29 | INFO: Primitives created: 1
00:02:29 | INFO: Extracting primitive: U1 | visible antenna meander (illustrative)
00:02:29 | INFO: Primitives created: 1
00:02:29 | INFO: Extracting primitive: Cube.982
00:02:29 | INFO: Primitives created: 1
00:02:29 | INFO: Extracting primitive: Cube.984
00:02:29 | INFO: Primitives created: 1
00:02:29 | INFO: Extracting primitive: Cube.986
00:02:29 | INFO: Primitives created: 1
00:02:29 | INFO: Extracting primitive: Cube.983
00:02:29 | INFO: Primitives created: 1
00:02:29 | INFO: Extracting primitive: Cube.985
00:02:29 | INFO: Primitives created: 1
00:02:29 | INFO: Extracting primitive: Cube.987
00:02:29 | INFO: Primitives created: 1
00:02:29 | INFO: Extracting primitive: Cube.989
00:02:29 | INFO: Primitives created: 1
00:02:29 | INFO: Extracting primitive: Cube.991
00:02:29 | INFO: Primitives created: 1
00:02:29 | INFO: Extracting primitive: Cube.988
00:02:29 | INFO: Primitives created: 1
00:02:29 | INFO: Extracting primitive: Cube.990
00:02:29 | INFO: Primitives created: 1
00:02:29 | INFO: Extracting primitive: Cube.992
00:02:29 | INFO: Primitives created: 1
00:02:29 | INFO: Extracting primitive: Cube.994
00:02:29 | INFO: Primitives created: 1
00:02:29 | INFO: Extracting primitive: Cube.996
00:02:29 | INFO: Primitives created: 1
00:02:29 | INFO: Extracting primitive: Cube.993
00:02:29 | INFO: Primitives created: 1
00:02:29 | INFO: Extracting primitive: Cube.995
00:02:29 | INFO: Primitives created: 1
00:02:29 | INFO: Extracting primitive: Cube.997
00:02:29 | INFO: Primitives created: 1
00:02:29 | INFO: Extracting primitive: Cube.999
00:02:29 | INFO: Primitives created: 1
00:02:29 | INFO: Extracting primitive: Cube.1001
00:02:29 | INFO: Primitives created: 1
00:02:29 | INFO: Extracting primitive: Cube.998
00:02:29 | INFO: Primitives created: 1
00:02:29 | INFO: Extracting primitive: Cube.1000
00:02:29 | INFO: Primitives created: 1
00:02:29 | INFO: Extracting primitive: Text IMU
00:02:29 | INFO: Primitives created: 1
00:02:29 | INFO: Extracting primitive: Text MPU6050
00:02:29 | INFO: Primitives created: 1
00:02:29 | INFO: Extracting primitive: Text U3
00:02:29 | INFO: Primitives created: 1
00:02:29 | INFO: Extracting primitive: Cube.958
00:02:29 | INFO: Primitives created: 1
00:02:29 | INFO: Extracting primitive: Cube.959
00:02:29 | INFO: Primitives created: 1
00:02:29 | INFO: Extracting primitive: Cube.960
00:02:29 | INFO: Primitives created: 1
00:02:29 | INFO: Extracting primitive: Cube.961
00:02:29 | INFO: Primitives created: 1
00:02:29 | INFO: Extracting primitive: Cube.962
00:02:29 | INFO: Primitives created: 1
00:02:29 | INFO: Extracting primitive: Cube.963
00:02:29 | INFO: Primitives created: 1
00:02:29 | INFO: Extracting primitive: Cube.964
00:02:29 | INFO: Primitives created: 1
00:02:29 | INFO: Extracting primitive: Cube.965
00:02:29 | INFO: Primitives created: 1
00:02:29 | INFO: Extracting primitive: Cube.966
00:02:29 | INFO: Primitives created: 1
00:02:29 | INFO: Extracting primitive: Cube.967
00:02:29 | INFO: Primitives created: 1
00:02:29 | INFO: Extracting primitive: Cube.968
00:02:29 | INFO: Primitives created: 1
00:02:29 | INFO: Extracting primitive: Cube.969
00:02:29 | INFO: Primitives created: 1
00:02:29 | INFO: Extracting primitive: Cube.970
00:02:29 | INFO: Primitives created: 1
00:02:29 | INFO: Extracting primitive: Cube.971
00:02:29 | INFO: Primitives created: 1
00:02:29 | INFO: Extracting primitive: Cube.972
00:02:29 | INFO: Primitives created: 1
00:02:29 | INFO: Extracting primitive: Cube.973
00:02:29 | INFO: Primitives created: 1
00:02:29 | INFO: Extracting primitive: Cube.974
00:02:29 | INFO: Primitives created: 1
00:02:29 | INFO: Extracting primitive: Cube.975
00:02:29 | INFO: Primitives created: 1
00:02:29 | INFO: Extracting primitive: Cube.976
00:02:29 | INFO: Primitives created: 1
00:02:29 | INFO: Extracting primitive: Cube.977
00:02:29 | INFO: Primitives created: 1
00:02:29 | INFO: Extracting primitive: Cube.978
00:02:29 | INFO: Primitives created: 1
00:02:29 | INFO: Extracting primitive: Cube.979
00:02:29 | INFO: Primitives created: 1
00:02:29 | INFO: Extracting primitive: Cube.980
00:02:29 | INFO: Primitives created: 1
00:02:29 | INFO: Extracting primitive: Cube.981
00:02:29 | INFO: Primitives created: 1
00:02:29 | INFO: Extracting primitive: U3 | courtyard
00:02:29 | INFO: Primitives created: 1
00:02:29 | INFO: Extracting primitive: Cube.957
00:02:29 | INFO: Primitives created: 1
00:02:29 | INFO: Extracting primitive: Cylinder.014
00:02:29 | INFO: Primitives created: 1
00:02:29 | INFO: Extracting primitive: Cube.1023
00:02:29 | INFO: Primitives created: 1
00:02:29 | INFO: Extracting primitive: Cube.1024
00:02:29 | INFO: Primitives created: 1
00:02:29 | INFO: Extracting primitive: Cube.1025
00:02:29 | INFO: Primitives created: 1
00:02:29 | INFO: Extracting primitive: Cube.1026
00:02:29 | INFO: Primitives created: 1
00:02:29 | INFO: Extracting primitive: Cube.1027
00:02:29 | INFO: Primitives created: 1
00:02:29 | INFO: Extracting primitive: Cube.1028
00:02:29 | INFO: Primitives created: 1
00:02:29 | INFO: Extracting primitive: Cube.1029
00:02:29 | INFO: Primitives created: 1
00:02:29 | INFO: Extracting primitive: Cube.1030
00:02:29 | INFO: Primitives created: 1
00:02:29 | INFO: Extracting primitive: Cube.1031
00:02:29 | INFO: Primitives created: 1
00:02:29 | INFO: Extracting primitive: Cube.1004
00:02:29 | INFO: Primitives created: 1
00:02:29 | INFO: Extracting primitive: Cube.1005
00:02:29 | INFO: Primitives created: 1
00:02:29 | INFO: Extracting primitive: J4 | formed spring retainer
00:02:29 | INFO: Primitives created: 1
00:02:29 | INFO: Extracting primitive: J4 | formed spring retainer.001
00:02:29 | INFO: Primitives created: 1
00:02:29 | INFO: Extracting primitive: Cube.1002
00:02:29 | INFO: Primitives created: 1
00:02:29 | INFO: Extracting primitive: Cube.1006
00:02:29 | INFO: Primitives created: 1
00:02:29 | INFO: Extracting primitive: Cube.1008
00:02:29 | INFO: Primitives created: 1
00:02:29 | INFO: Extracting primitive: Cube.1010
00:02:29 | INFO: Primitives created: 1
00:02:29 | INFO: Extracting primitive: Cube.1012
00:02:29 | INFO: Primitives created: 1
00:02:29 | INFO: Extracting primitive: Cube.1014
00:02:29 | INFO: Primitives created: 1
00:02:29 | INFO: Extracting primitive: Cube.1016
00:02:29 | INFO: Primitives created: 1
00:02:29 | INFO: Extracting primitive: Cube.1018
00:02:29 | INFO: Primitives created: 1
00:02:29 | INFO: Extracting primitive: Cube.1020
00:02:29 | INFO: Primitives created: 1
00:02:29 | INFO: Extracting primitive: Cube.1022
00:02:29 | INFO: Primitives created: 1
00:02:29 | INFO: Extracting primitive: Cube.1007
00:02:29 | INFO: Primitives created: 1
00:02:29 | INFO: Extracting primitive: Cube.1009
00:02:29 | INFO: Primitives created: 1
00:02:29 | INFO: Extracting primitive: Cube.1011
00:02:29 | INFO: Primitives created: 1
00:02:29 | INFO: Extracting primitive: Cube.1013
00:02:29 | INFO: Primitives created: 1
00:02:29 | INFO: Extracting primitive: Cube.1015
00:02:29 | INFO: Primitives created: 1
00:02:29 | INFO: Extracting primitive: Cube.1017
00:02:29 | INFO: Primitives created: 1
00:02:29 | INFO: Extracting primitive: Cube.1019
00:02:29 | INFO: Primitives created: 1
00:02:29 | INFO: Extracting primitive: Cube.1021
00:02:29 | INFO: Primitives created: 1
00:02:30 | INFO: Extracting primitive: Cube.1003
00:02:30 | INFO: Primitives created: 1
00:02:30 | INFO: Extracting primitive: Text J4
00:02:30 | INFO: Primitives created: 1
00:02:30 | INFO: Extracting primitive: Text microSD
00:02:30 | INFO: Primitives created: 1
00:02:30 | INFO: Extracting primitive: Text PUSH / LOCK
00:02:30 | INFO: Primitives created: 1
00:02:30 | INFO: Extracting primitive: Cube.1148
00:02:30 | INFO: Primitives created: 1
00:02:30 | INFO: Extracting primitive: Cube.1150
00:02:30 | INFO: Primitives created: 1
00:02:30 | INFO: Extracting primitive: Cube.1152
00:02:30 | INFO: Primitives created: 1
00:02:30 | INFO: Extracting primitive: Cube.1149
00:02:30 | INFO: Primitives created: 1
00:02:30 | INFO: Extracting primitive: Cube.1151
00:02:30 | INFO: Primitives created: 1
00:02:30 | INFO: Extracting primitive: Cube.1158
00:02:30 | INFO: Primitives created: 1
00:02:30 | INFO: Extracting primitive: Cube.1160
00:02:30 | INFO: Primitives created: 1
00:02:30 | INFO: Extracting primitive: Cube.1162
00:02:30 | INFO: Primitives created: 1
00:02:30 | INFO: Extracting primitive: Cube.1159
00:02:30 | INFO: Primitives created: 1
00:02:30 | INFO: Extracting primitive: Cube.1161
00:02:30 | INFO: Primitives created: 1
00:02:30 | INFO: Extracting primitive: Cube.1173
00:02:30 | INFO: Primitives created: 1
00:02:30 | INFO: Extracting primitive: Cube.1175
00:02:30 | INFO: Primitives created: 1
00:02:30 | INFO: Extracting primitive: Cube.1177
00:02:30 | INFO: Primitives created: 1
00:02:30 | INFO: Extracting primitive: Cube.1174
00:02:30 | INFO: Primitives created: 1
00:02:30 | INFO: Extracting primitive: Cube.1176
00:02:30 | INFO: Primitives created: 1
00:02:30 | INFO: Extracting primitive: Cube.1183
00:02:30 | INFO: Primitives created: 1
00:02:30 | INFO: Extracting primitive: Cube.1185
00:02:30 | INFO: Primitives created: 1
00:02:30 | INFO: Extracting primitive: Cube.1187
00:02:30 | INFO: Primitives created: 1
00:02:30 | INFO: Extracting primitive: Cube.1184
00:02:30 | INFO: Primitives created: 1
00:02:30 | INFO: Extracting primitive: Cube.1186
00:02:30 | INFO: Primitives created: 1
00:02:30 | INFO: Extracting primitive: Cube.1193
00:02:30 | INFO: Primitives created: 1
00:02:30 | INFO: Extracting primitive: Cube.1195
00:02:30 | INFO: Primitives created: 1
00:02:30 | INFO: Extracting primitive: Cube.1197
00:02:30 | INFO: Primitives created: 1
00:02:30 | INFO: Extracting primitive: Cube.1194
00:02:30 | INFO: Primitives created: 1
00:02:30 | INFO: Extracting primitive: Cube.1196
00:02:30 | INFO: Primitives created: 1
00:02:30 | INFO: Extracting primitive: Cube.1198
00:02:30 | INFO: Primitives created: 1
00:02:30 | INFO: Extracting primitive: Cube.1200
00:02:30 | INFO: Primitives created: 1
00:02:30 | INFO: Extracting primitive: Cube.1202
00:02:30 | INFO: Primitives created: 1
00:02:30 | INFO: Extracting primitive: Cube.1199
00:02:30 | INFO: Primitives created: 1
00:02:30 | INFO: Extracting primitive: Cube.1201
00:02:30 | INFO: Primitives created: 1
00:02:30 | INFO: Extracting primitive: Cube.1208
00:02:30 | INFO: Primitives created: 1
00:02:30 | INFO: Extracting primitive: Cube.1210
00:02:30 | INFO: Primitives created: 1
00:02:30 | INFO: Extracting primitive: Cube.1212
00:02:30 | INFO: Primitives created: 1
00:02:30 | INFO: Extracting primitive: Cube.1203
00:02:30 | INFO: Primitives created: 1
00:02:30 | INFO: Extracting primitive: Cube.1206
00:02:30 | INFO: Primitives created: 1
00:02:30 | INFO: Extracting primitive: Cube.1204
00:02:30 | INFO: Primitives created: 1
00:02:30 | INFO: Extracting primitive: Cube.1205
00:02:30 | INFO: Primitives created: 1
00:02:30 | INFO: Extracting primitive: Cube.1207
00:02:30 | INFO: Primitives created: 1
00:02:30 | INFO: Extracting primitive: Cube.1209
00:02:30 | INFO: Primitives created: 1
00:02:30 | INFO: Extracting primitive: Cube.1211
00:02:30 | INFO: Primitives created: 1
00:02:30 | INFO: Extracting primitive: Cube.1213
00:02:30 | INFO: Primitives created: 1
00:02:30 | INFO: Extracting primitive: Text EMG / ANALOG
00:02:30 | INFO: Primitives created: 1
00:02:30 | INFO: Extracting primitive: Text INA333
00:02:30 | INFO: Primitives created: 1
00:02:30 | INFO: Extracting primitive: Text J3
00:02:30 | INFO: Primitives created: 1
00:02:30 | INFO: Extracting primitive: Text OPAMP
00:02:30 | INFO: Primitives created: 1
00:02:30 | INFO: Extracting primitive: Text OPAMP.001
00:02:30 | INFO: Primitives created: 1
00:02:30 | INFO: Extracting primitive: Text U5
00:02:30 | INFO: Primitives created: 1
00:02:30 | INFO: Extracting primitive: Text U6
00:02:30 | INFO: Primitives created: 1
00:02:30 | INFO: Extracting primitive: Text U7
00:02:30 | INFO: Primitives created: 1
00:02:30 | INFO: Extracting primitive: Cube.1143
00:02:30 | INFO: Primitives created: 1
00:02:30 | INFO: Extracting primitive: Cube.1145
00:02:30 | INFO: Primitives created: 1
00:02:30 | INFO: Extracting primitive: Cube.1147
00:02:30 | INFO: Primitives created: 1
00:02:30 | INFO: Extracting primitive: Cube.1144
00:02:30 | INFO: Primitives created: 1
00:02:30 | INFO: Extracting primitive: Cube.1146
00:02:30 | INFO: Primitives created: 1
00:02:30 | INFO: Extracting primitive: Cube.1153
00:02:30 | INFO: Primitives created: 1
00:02:30 | INFO: Extracting primitive: Cube.1155
00:02:30 | INFO: Primitives created: 1
00:02:30 | INFO: Extracting primitive: Cube.1157
00:02:30 | INFO: Primitives created: 1
00:02:30 | INFO: Extracting primitive: Cube.1154
00:02:30 | INFO: Primitives created: 1
00:02:30 | INFO: Extracting primitive: Cube.1156
00:02:30 | INFO: Primitives created: 1
00:02:30 | INFO: Extracting primitive: Cube.1163
00:02:30 | INFO: Primitives created: 1
00:02:30 | INFO: Extracting primitive: Cube.1165
00:02:30 | INFO: Primitives created: 1
00:02:30 | INFO: Extracting primitive: Cube.1167
00:02:30 | INFO: Primitives created: 1
00:02:30 | INFO: Extracting primitive: Cube.1164
00:02:30 | INFO: Primitives created: 1
00:02:30 | INFO: Extracting primitive: Cube.1166
00:02:30 | INFO: Primitives created: 1
00:02:30 | INFO: Extracting primitive: Cube.1168
00:02:30 | INFO: Primitives created: 1
00:02:30 | INFO: Extracting primitive: Cube.1170
00:02:30 | INFO: Primitives created: 1
00:02:30 | INFO: Extracting primitive: Cube.1172
00:02:30 | INFO: Primitives created: 1
00:02:30 | INFO: Extracting primitive: Cube.1169
00:02:30 | INFO: Primitives created: 1
00:02:30 | INFO: Extracting primitive: Cube.1171
00:02:30 | INFO: Primitives created: 1
00:02:30 | INFO: Extracting primitive: Cube.1178
00:02:30 | INFO: Primitives created: 1
00:02:30 | INFO: Extracting primitive: Cube.1180
00:02:30 | INFO: Primitives created: 1
00:02:30 | INFO: Extracting primitive: Cube.1182
00:02:30 | INFO: Primitives created: 1
00:02:30 | INFO: Extracting primitive: Cube.1179
00:02:30 | INFO: Primitives created: 1
00:02:30 | INFO: Extracting primitive: Cube.1181
00:02:30 | INFO: Primitives created: 1
00:02:30 | INFO: Extracting primitive: Cube.1188
00:02:30 | INFO: Primitives created: 1
00:02:30 | INFO: Extracting primitive: Cube.1190
00:02:30 | INFO: Primitives created: 1
00:02:30 | INFO: Extracting primitive: Cube.1192
00:02:30 | INFO: Primitives created: 1
00:02:30 | INFO: Extracting primitive: Cube.1189
00:02:30 | INFO: Primitives created: 1
00:02:30 | INFO: Extracting primitive: Cube.1191
00:02:30 | INFO: Primitives created: 1
00:02:30 | INFO: Extracting primitive: Cube.1032
00:02:30 | INFO: Primitives created: 1
00:02:30 | INFO: Extracting primitive: Cube.1034
00:02:30 | INFO: Primitives created: 1
00:02:30 | INFO: Extracting primitive: Cube.1037
00:02:30 | INFO: Primitives created: 1
00:02:30 | INFO: Extracting primitive: Cube.1040
00:02:30 | INFO: Primitives created: 1
00:02:30 | INFO: Extracting primitive: Cube.1043
00:02:30 | INFO: Primitives created: 1
00:02:30 | INFO: Extracting primitive: Cube.1046
00:02:30 | INFO: Primitives created: 1
00:02:30 | INFO: Extracting primitive: Cube.1049
00:02:30 | INFO: Primitives created: 1
00:02:30 | INFO: Extracting primitive: Cube.1052
00:02:30 | INFO: Primitives created: 1
00:02:30 | INFO: Extracting primitive: Cube.1055
00:02:30 | INFO: Primitives created: 1
00:02:30 | INFO: Extracting primitive: Cube.1033
00:02:30 | INFO: Primitives created: 1
00:02:30 | INFO: Extracting primitive: Cube.1036
00:02:30 | INFO: Primitives created: 1
00:02:30 | INFO: Extracting primitive: Cube.1039
00:02:30 | INFO: Primitives created: 1
00:02:30 | INFO: Extracting primitive: Cube.1042
00:02:30 | INFO: Primitives created: 1
00:02:30 | INFO: Extracting primitive: Cube.1045
00:02:30 | INFO: Primitives created: 1
00:02:30 | INFO: Extracting primitive: Cube.1048
00:02:30 | INFO: Primitives created: 1
00:02:30 | INFO: Extracting primitive: Cube.1051
00:02:30 | INFO: Primitives created: 1
00:02:30 | INFO: Extracting primitive: Cube.1054
00:02:30 | INFO: Primitives created: 1
00:02:30 | INFO: Extracting primitive: Cylinder.015
00:02:30 | INFO: Primitives created: 1
00:02:30 | INFO: Extracting primitive: Cube.1035
00:02:30 | INFO: Primitives created: 1
00:02:30 | INFO: Extracting primitive: Cube.1038
00:02:30 | INFO: Primitives created: 1
00:02:30 | INFO: Extracting primitive: Cube.1041
00:02:30 | INFO: Primitives created: 1
00:02:30 | INFO: Extracting primitive: Cube.1044
00:02:30 | INFO: Primitives created: 1
00:02:30 | INFO: Extracting primitive: Cube.1047
00:02:30 | INFO: Primitives created: 1
00:02:30 | INFO: Extracting primitive: Cube.1050
00:02:30 | INFO: Primitives created: 1
00:02:30 | INFO: Extracting primitive: Cube.1053
00:02:30 | INFO: Primitives created: 1
00:02:30 | INFO: Extracting primitive: Cube.1056
00:02:30 | INFO: Primitives created: 1
00:02:30 | INFO: Extracting primitive: Cube.1059
00:02:30 | INFO: Primitives created: 1
00:02:30 | INFO: Extracting primitive: Cube.1062
00:02:30 | INFO: Primitives created: 1
00:02:30 | INFO: Extracting primitive: Cube.1065
00:02:30 | INFO: Primitives created: 1
00:02:30 | INFO: Extracting primitive: Cube.1068
00:02:30 | INFO: Primitives created: 1
00:02:30 | INFO: Extracting primitive: Cube.1071
00:02:30 | INFO: Primitives created: 1
00:02:30 | INFO: Extracting primitive: Cube.1074
00:02:30 | INFO: Primitives created: 1
00:02:30 | INFO: Extracting primitive: Cube.1077
00:02:30 | INFO: Primitives created: 1
00:02:30 | INFO: Extracting primitive: Cube.1080
00:02:30 | INFO: Primitives created: 1
00:02:30 | INFO: Extracting primitive: Cube.1083
00:02:30 | INFO: Primitives created: 1
00:02:30 | INFO: Extracting primitive: Cube.1086
00:02:30 | INFO: Primitives created: 1
00:02:30 | INFO: Extracting primitive: Cube.1089
00:02:30 | INFO: Primitives created: 1
00:02:30 | INFO: Extracting primitive: Cube.1092
00:02:30 | INFO: Primitives created: 1
00:02:30 | INFO: Extracting primitive: Cube.1095
00:02:30 | INFO: Primitives created: 1
00:02:30 | INFO: Extracting primitive: Cube.1098
00:02:30 | INFO: Primitives created: 1
00:02:30 | INFO: Extracting primitive: Cube.1058
00:02:30 | INFO: Primitives created: 1
00:02:30 | INFO: Extracting primitive: Cube.1061
00:02:30 | INFO: Primitives created: 1
00:02:30 | INFO: Extracting primitive: Cube.1064
00:02:30 | INFO: Primitives created: 1
00:02:30 | INFO: Extracting primitive: Cube.1067
00:02:30 | INFO: Primitives created: 1
00:02:30 | INFO: Extracting primitive: Cube.1070
00:02:30 | INFO: Primitives created: 1
00:02:30 | INFO: Extracting primitive: Cube.1073
00:02:30 | INFO: Primitives created: 1
00:02:30 | INFO: Extracting primitive: Cube.1076
00:02:30 | INFO: Primitives created: 1
00:02:30 | INFO: Extracting primitive: Cube.1079
00:02:30 | INFO: Primitives created: 1
00:02:30 | INFO: Extracting primitive: Cube.1082
00:02:30 | INFO: Primitives created: 1
00:02:30 | INFO: Extracting primitive: Cube.1085
00:02:30 | INFO: Primitives created: 1
00:02:30 | INFO: Extracting primitive: Cube.1088
00:02:30 | INFO: Primitives created: 1
00:02:30 | INFO: Extracting primitive: Cube.1091
00:02:30 | INFO: Primitives created: 1
00:02:30 | INFO: Extracting primitive: Cube.1094
00:02:30 | INFO: Primitives created: 1
00:02:30 | INFO: Extracting primitive: Cube.1097
00:02:30 | INFO: Primitives created: 1
00:02:30 | INFO: Extracting primitive: Cube.1057
00:02:30 | INFO: Primitives created: 1
00:02:30 | INFO: Extracting primitive: Cylinder.016
00:02:30 | INFO: Primitives created: 1
00:02:30 | INFO: Extracting primitive: Cube.1060
00:02:30 | INFO: Primitives created: 1
00:02:30 | INFO: Extracting primitive: Cube.1063
00:02:30 | INFO: Primitives created: 1
00:02:30 | INFO: Extracting primitive: Cube.1066
00:02:30 | INFO: Primitives created: 1
00:02:30 | INFO: Extracting primitive: Cube.1069
00:02:30 | INFO: Primitives created: 1
00:02:30 | INFO: Extracting primitive: Cube.1072
00:02:30 | INFO: Primitives created: 1
00:02:30 | INFO: Extracting primitive: Cube.1075
00:02:30 | INFO: Primitives created: 1
00:02:30 | INFO: Extracting primitive: Cube.1078
00:02:30 | INFO: Primitives created: 1
00:02:30 | INFO: Extracting primitive: Cube.1081
00:02:30 | INFO: Primitives created: 1
00:02:30 | INFO: Extracting primitive: Cube.1084
00:02:30 | INFO: Primitives created: 1
00:02:30 | INFO: Extracting primitive: Cube.1087
00:02:30 | INFO: Primitives created: 1
00:02:30 | INFO: Extracting primitive: Cube.1090
00:02:30 | INFO: Primitives created: 1
00:02:30 | INFO: Extracting primitive: Cube.1093
00:02:30 | INFO: Primitives created: 1
00:02:30 | INFO: Extracting primitive: Cube.1096
00:02:30 | INFO: Primitives created: 1
00:02:30 | INFO: Extracting primitive: Cube.1099
00:02:30 | INFO: Primitives created: 1
00:02:30 | INFO: Extracting primitive: Cube.1102
00:02:30 | INFO: Primitives created: 1
00:02:30 | INFO: Extracting primitive: Cube.1105
00:02:30 | INFO: Primitives created: 1
00:02:30 | INFO: Extracting primitive: Cube.1108
00:02:30 | INFO: Primitives created: 1
00:02:30 | INFO: Extracting primitive: Cube.1111
00:02:30 | INFO: Primitives created: 1
00:02:30 | INFO: Extracting primitive: Cube.1114
00:02:30 | INFO: Primitives created: 1
00:02:30 | INFO: Extracting primitive: Cube.1117
00:02:30 | INFO: Primitives created: 1
00:02:30 | INFO: Extracting primitive: Cube.1120
00:02:30 | INFO: Primitives created: 1
00:02:30 | INFO: Extracting primitive: Cube.1123
00:02:30 | INFO: Primitives created: 1
00:02:30 | INFO: Extracting primitive: Cube.1126
00:02:30 | INFO: Primitives created: 1
00:02:30 | INFO: Extracting primitive: Cube.1129
00:02:30 | INFO: Primitives created: 1
00:02:30 | INFO: Extracting primitive: Cube.1132
00:02:30 | INFO: Primitives created: 1
00:02:30 | INFO: Extracting primitive: Cube.1135
00:02:30 | INFO: Primitives created: 1
00:02:30 | INFO: Extracting primitive: Cube.1138
00:02:30 | INFO: Primitives created: 1
00:02:30 | INFO: Extracting primitive: Cube.1141
00:02:30 | INFO: Primitives created: 1
00:02:30 | INFO: Extracting primitive: Cube.1101
00:02:30 | INFO: Primitives created: 1
00:02:30 | INFO: Extracting primitive: Cube.1104
00:02:30 | INFO: Primitives created: 1
00:02:30 | INFO: Extracting primitive: Cube.1107
00:02:30 | INFO: Primitives created: 1
00:02:30 | INFO: Extracting primitive: Cube.1110
00:02:30 | INFO: Primitives created: 1
00:02:30 | INFO: Extracting primitive: Cube.1113
00:02:30 | INFO: Primitives created: 1
00:02:30 | INFO: Extracting primitive: Cube.1116
00:02:30 | INFO: Primitives created: 1
00:02:30 | INFO: Extracting primitive: Cube.1119
00:02:30 | INFO: Primitives created: 1
00:02:30 | INFO: Extracting primitive: Cube.1122
00:02:30 | INFO: Primitives created: 1
00:02:30 | INFO: Extracting primitive: Cube.1125
00:02:30 | INFO: Primitives created: 1
00:02:30 | INFO: Extracting primitive: Cube.1128
00:02:30 | INFO: Primitives created: 1
00:02:30 | INFO: Extracting primitive: Cube.1131
00:02:30 | INFO: Primitives created: 1
00:02:30 | INFO: Extracting primitive: Cube.1134
00:02:30 | INFO: Primitives created: 1
00:02:30 | INFO: Extracting primitive: Cube.1137
00:02:30 | INFO: Primitives created: 1
00:02:30 | INFO: Extracting primitive: Cube.1140
00:02:30 | INFO: Primitives created: 1
00:02:30 | INFO: Extracting primitive: Cube.1100
00:02:30 | INFO: Primitives created: 1
00:02:30 | INFO: Extracting primitive: Cylinder.017
00:02:30 | INFO: Primitives created: 1
00:02:30 | INFO: Extracting primitive: Cube.1103
00:02:30 | INFO: Primitives created: 1
00:02:30 | INFO: Extracting primitive: Cube.1106
00:02:30 | INFO: Primitives created: 1
00:02:30 | INFO: Extracting primitive: Cube.1109
00:02:30 | INFO: Primitives created: 1
00:02:30 | INFO: Extracting primitive: Cube.1112
00:02:30 | INFO: Primitives created: 1
00:02:30 | INFO: Extracting primitive: Cube.1115
00:02:30 | INFO: Primitives created: 1
00:02:30 | INFO: Extracting primitive: Cube.1118
00:02:30 | INFO: Primitives created: 1
00:02:30 | INFO: Extracting primitive: Cube.1121
00:02:30 | INFO: Primitives created: 1
00:02:30 | INFO: Extracting primitive: Cube.1124
00:02:30 | INFO: Primitives created: 1
00:02:30 | INFO: Extracting primitive: Cube.1127
00:02:30 | INFO: Primitives created: 1
00:02:30 | INFO: Extracting primitive: Cube.1130
00:02:30 | INFO: Primitives created: 1
00:02:30 | INFO: Extracting primitive: Cube.1133
00:02:30 | INFO: Primitives created: 1
00:02:30 | INFO: Extracting primitive: Cube.1136
00:02:30 | INFO: Primitives created: 1
00:02:30 | INFO: Extracting primitive: Cube.1139
00:02:30 | INFO: Primitives created: 1
00:02:30 | INFO: Extracting primitive: Cube.1142
00:02:30 | INFO: Primitives created: 1
00:02:30 | INFO: Extracting primitive: Cube.1272
00:02:30 | INFO: Primitives created: 1
00:02:30 | INFO: Extracting primitive: Cube.1274
00:02:30 | INFO: Primitives created: 1
00:02:30 | INFO: Extracting primitive: Cube.1276
00:02:30 | INFO: Primitives created: 1
00:02:30 | INFO: Extracting primitive: Cube.1273
00:02:30 | INFO: Primitives created: 1
00:02:30 | INFO: Extracting primitive: Cube.1275
00:02:30 | INFO: Primitives created: 1
00:02:30 | INFO: Extracting primitive: Cube.1277
00:02:30 | INFO: Primitives created: 1
00:02:30 | INFO: Extracting primitive: Cube.1279
00:02:30 | INFO: Primitives created: 1
00:02:30 | INFO: Extracting primitive: Cube.1281
00:02:30 | INFO: Primitives created: 1
00:02:30 | INFO: Extracting primitive: Cube.1278
00:02:30 | INFO: Primitives created: 1
00:02:30 | INFO: Extracting primitive: Cube.1280
00:02:30 | INFO: Primitives created: 1
00:02:30 | INFO: Extracting primitive: Cube.1282
00:02:30 | INFO: Primitives created: 1
00:02:30 | INFO: Extracting primitive: Cube.1284
00:02:30 | INFO: Primitives created: 1
00:02:30 | INFO: Extracting primitive: Cube.1286
00:02:30 | INFO: Primitives created: 1
00:02:30 | INFO: Extracting primitive: Cube.1283
00:02:30 | INFO: Primitives created: 1
00:02:30 | INFO: Extracting primitive: Cube.1285
00:02:30 | INFO: Primitives created: 1
00:02:30 | INFO: Extracting primitive: Cube.1287
00:02:30 | INFO: Primitives created: 1
00:02:30 | INFO: Extracting primitive: Cube.1289
00:02:30 | INFO: Primitives created: 1
00:02:30 | INFO: Extracting primitive: Cube.1291
00:02:30 | INFO: Primitives created: 1
00:02:30 | INFO: Extracting primitive: Cube.1288
00:02:30 | INFO: Primitives created: 1
00:02:30 | INFO: Extracting primitive: Cube.1290
00:02:30 | INFO: Primitives created: 1
00:02:30 | INFO: Extracting primitive: Cube.1292
00:02:30 | INFO: Primitives created: 1
00:02:30 | INFO: Extracting primitive: Cube.1294
00:02:30 | INFO: Primitives created: 1
00:02:30 | INFO: Extracting primitive: Cube.1296
00:02:30 | INFO: Primitives created: 1
00:02:30 | INFO: Extracting primitive: Cube.1293
00:02:30 | INFO: Primitives created: 1
00:02:30 | INFO: Extracting primitive: Cube.1295
00:02:30 | INFO: Primitives created: 1
00:02:30 | INFO: Extracting primitive: Cube.1297
00:02:30 | INFO: Primitives created: 1
00:02:30 | INFO: Extracting primitive: Cube.1299
00:02:30 | INFO: Primitives created: 1
00:02:30 | INFO: Extracting primitive: Cube.1301
00:02:30 | INFO: Primitives created: 1
00:02:30 | INFO: Extracting primitive: Cube.1298
00:02:30 | INFO: Primitives created: 1
00:02:30 | INFO: Extracting primitive: Cube.1300
00:02:30 | INFO: Primitives created: 1
00:02:30 | INFO: Extracting primitive: Cube.1302
00:02:30 | INFO: Primitives created: 1
00:02:30 | INFO: Extracting primitive: Cube.1304
00:02:30 | INFO: Primitives created: 1
00:02:30 | INFO: Extracting primitive: Cube.1306
00:02:30 | INFO: Primitives created: 1
00:02:30 | INFO: Extracting primitive: Cube.1303
00:02:30 | INFO: Primitives created: 1
00:02:30 | INFO: Extracting primitive: Cube.1305
00:02:30 | INFO: Primitives created: 1
00:02:30 | INFO: Extracting primitive: Cube.1307
00:02:30 | INFO: Primitives created: 1
00:02:30 | INFO: Extracting primitive: Cube.1309
00:02:30 | INFO: Primitives created: 1
00:02:30 | INFO: Extracting primitive: Cube.1311
00:02:30 | INFO: Primitives created: 1
00:02:30 | INFO: Extracting primitive: Cube.1308
00:02:30 | INFO: Primitives created: 1
00:02:30 | INFO: Extracting primitive: Cube.1310
00:02:30 | INFO: Primitives created: 1
00:02:30 | INFO: Extracting primitive: Cube.1312
00:02:30 | INFO: Primitives created: 1
00:02:30 | INFO: Extracting primitive: Cube.1314
00:02:30 | INFO: Primitives created: 1
00:02:30 | INFO: Extracting primitive: Cube.1316
00:02:30 | INFO: Primitives created: 1
00:02:30 | INFO: Extracting primitive: Cube.1313
00:02:30 | INFO: Primitives created: 1
00:02:30 | INFO: Extracting primitive: Cube.1315
00:02:30 | INFO: Primitives created: 1
00:02:30 | INFO: Extracting primitive: Cube.1317
00:02:30 | INFO: Primitives created: 1
00:02:30 | INFO: Extracting primitive: Cube.1319
00:02:30 | INFO: Primitives created: 1
00:02:30 | INFO: Extracting primitive: Cube.1321
00:02:30 | INFO: Primitives created: 1
00:02:30 | INFO: Extracting primitive: Cube.1318
00:02:30 | INFO: Primitives created: 1
00:02:30 | INFO: Extracting primitive: Cube.1320
00:02:30 | INFO: Primitives created: 1
00:02:30 | INFO: Extracting primitive: Cube.1322
00:02:30 | INFO: Primitives created: 1
00:02:30 | INFO: Extracting primitive: Cube.1324
00:02:30 | INFO: Primitives created: 1
00:02:30 | INFO: Extracting primitive: Cube.1326
00:02:30 | INFO: Primitives created: 1
00:02:30 | INFO: Extracting primitive: Cube.1323
00:02:30 | INFO: Primitives created: 1
00:02:30 | INFO: Extracting primitive: Cube.1325
00:02:30 | INFO: Primitives created: 1
00:02:30 | INFO: Extracting primitive: Cube.1327
00:02:30 | INFO: Primitives created: 1
00:02:30 | INFO: Extracting primitive: Cube.1329
00:02:30 | INFO: Primitives created: 1
00:02:30 | INFO: Extracting primitive: Cube.1331
00:02:30 | INFO: Primitives created: 1
00:02:30 | INFO: Extracting primitive: Cube.1328
00:02:30 | INFO: Primitives created: 1
00:02:30 | INFO: Extracting primitive: Cube.1330
00:02:30 | INFO: Primitives created: 1
00:02:30 | INFO: Extracting primitive: Cube.1332
00:02:30 | INFO: Primitives created: 1
00:02:30 | INFO: Extracting primitive: Cube.1334
00:02:30 | INFO: Primitives created: 1
00:02:30 | INFO: Extracting primitive: Cube.1336
00:02:30 | INFO: Primitives created: 1
00:02:30 | INFO: Extracting primitive: Cube.1333
00:02:30 | INFO: Primitives created: 1
00:02:30 | INFO: Extracting primitive: Cube.1335
00:02:31 | INFO: Primitives created: 1
00:02:31 | INFO: Extracting primitive: Cube.1342
00:02:31 | INFO: Primitives created: 1
00:02:31 | INFO: Extracting primitive: Cube.1344
00:02:31 | INFO: Primitives created: 1
00:02:31 | INFO: Extracting primitive: Cube.1346
00:02:31 | INFO: Primitives created: 1
00:02:31 | INFO: Extracting primitive: Cube.1337
00:02:31 | INFO: Primitives created: 1
00:02:31 | INFO: Extracting primitive: Cube.1340
00:02:31 | INFO: Primitives created: 1
00:02:31 | INFO: Extracting primitive: Cube.1338
00:02:31 | INFO: Primitives created: 1
00:02:31 | INFO: Extracting primitive: Cube.1339
00:02:31 | INFO: Primitives created: 1
00:02:31 | INFO: Extracting primitive: Cube.1341
00:02:31 | INFO: Primitives created: 1
00:02:31 | INFO: Extracting primitive: Cube.1343
00:02:31 | INFO: Primitives created: 1
00:02:31 | INFO: Extracting primitive: Cube.1345
00:02:31 | INFO: Primitives created: 1
00:02:31 | INFO: Extracting primitive: Cube.1347
00:02:31 | INFO: Primitives created: 1
00:02:31 | INFO: Extracting primitive: Cube.1230
00:02:31 | INFO: Primitives created: 1
00:02:31 | INFO: Extracting primitive: Cube.1232
00:02:31 | INFO: Primitives created: 1
00:02:31 | INFO: Extracting primitive: Cube.1233
00:02:31 | INFO: Primitives created: 1
00:02:31 | INFO: Extracting primitive: Cube.1231
00:02:31 | INFO: Primitives created: 1
00:02:31 | INFO: Extracting primitive: Text 1V8
00:02:31 | INFO: Primitives created: 1
00:02:31 | INFO: Extracting primitive: Text 2R2
00:02:31 | INFO: Primitives created: 1
00:02:31 | INFO: Extracting primitive: Text 3V3 BUCK / BOOST
00:02:31 | INFO: Primitives created: 1
00:02:31 | INFO: Extracting primitive: Text AFE LDO
00:02:31 | INFO: Primitives created: 1
00:02:31 | INFO: Extracting primitive: Text BAT / NTC
00:02:31 | INFO: Primitives created: 1
00:02:31 | INFO: Extracting primitive: Text CHARGE
00:02:31 | INFO: Primitives created: 1
00:02:31 | INFO: Extracting primitive: Text DW01A
00:02:31 | INFO: Primitives created: 1
00:02:31 | INFO: Extracting primitive: Text FS8205A
00:02:31 | INFO: Primitives created: 1
00:02:31 | INFO: Extracting primitive: Text PROTECT
00:02:31 | INFO: Primitives created: 1
00:02:31 | INFO: Extracting primitive: Text Q1
00:02:31 | INFO: Primitives created: 1
00:02:31 | INFO: Extracting primitive: Text TP4056
00:02:31 | INFO: Primitives created: 1
00:02:31 | INFO: Extracting primitive: Text TPS63070
00:02:31 | INFO: Primitives created: 1
00:02:31 | INFO: Extracting primitive: Text U8
00:02:31 | INFO: Primitives created: 1
00:02:31 | INFO: Extracting primitive: Text U9
00:02:31 | INFO: Primitives created: 1
00:02:31 | INFO: Extracting primitive: Text U10
00:02:31 | INFO: Primitives created: 1
00:02:31 | INFO: Extracting primitive: Text U11
00:02:31 | INFO: Primitives created: 1
00:02:31 | INFO: Extracting primitive: Text U12
00:02:31 | INFO: Primitives created: 1
00:02:31 | INFO: Extracting primitive: Q1 | formed lead 1_0
00:02:31 | INFO: Primitives created: 1
00:02:31 | INFO: Extracting primitive: Q1 | formed lead 1_1
00:02:31 | INFO: Primitives created: 1
00:02:31 | INFO: Extracting primitive: Q1 | formed lead 1_2
00:02:31 | INFO: Primitives created: 1
00:02:31 | INFO: Extracting primitive: Q1 | formed lead 1_3
00:02:31 | INFO: Primitives created: 1
00:02:31 | INFO: Extracting primitive: Q1 | formed lead -1_0
00:02:31 | INFO: Primitives created: 1
00:02:31 | INFO: Extracting primitive: Q1 | formed lead -1_1
00:02:31 | INFO: Primitives created: 1
00:02:31 | INFO: Extracting primitive: Q1 | formed lead -1_2
00:02:31 | INFO: Primitives created: 1
00:02:31 | INFO: Extracting primitive: Q1 | formed lead -1_3
00:02:31 | INFO: Primitives created: 1
00:02:31 | INFO: Extracting primitive: Cube.1384
00:02:31 | INFO: Primitives created: 1
00:02:31 | INFO: Extracting primitive: Cube.1386
00:02:31 | INFO: Primitives created: 1
00:02:31 | INFO: Extracting primitive: Cube.1388
00:02:31 | INFO: Primitives created: 1
00:02:31 | INFO: Extracting primitive: Cube.1390
00:02:31 | INFO: Primitives created: 1
00:02:31 | INFO: Extracting primitive: Cube.1392
00:02:31 | INFO: Primitives created: 1
00:02:31 | INFO: Extracting primitive: Cube.1394
00:02:31 | INFO: Primitives created: 1
00:02:31 | INFO: Extracting primitive: Cube.1396
00:02:31 | INFO: Primitives created: 1
00:02:31 | INFO: Extracting primitive: Cube.1398
00:02:31 | INFO: Primitives created: 1
00:02:31 | INFO: Extracting primitive: Cube.1400
00:02:31 | INFO: Primitives created: 1
00:02:31 | INFO: Extracting primitive: Cylinder.023
00:02:31 | INFO: Primitives created: 1
00:02:31 | INFO: Extracting primitive: Cube.1385
00:02:31 | INFO: Primitives created: 1
00:02:31 | INFO: Extracting primitive: Cube.1387
00:02:31 | INFO: Primitives created: 1
00:02:31 | INFO: Extracting primitive: Cube.1389
00:02:31 | INFO: Primitives created: 1
00:02:31 | INFO: Extracting primitive: Cube.1391
00:02:31 | INFO: Primitives created: 1
00:02:31 | INFO: Extracting primitive: Cube.1393
00:02:31 | INFO: Primitives created: 1
00:02:31 | INFO: Extracting primitive: Cube.1395
00:02:31 | INFO: Primitives created: 1
00:02:31 | INFO: Extracting primitive: Cube.1397
00:02:31 | INFO: Primitives created: 1
00:02:31 | INFO: Extracting primitive: Cube.1399
00:02:31 | INFO: Primitives created: 1
00:02:31 | INFO: Extracting primitive: U8 | formed lead 1_0
00:02:31 | INFO: Primitives created: 1
00:02:31 | INFO: Extracting primitive: U8 | formed lead 1_1
00:02:31 | INFO: Primitives created: 1
00:02:31 | INFO: Extracting primitive: U8 | formed lead 1_2
00:02:31 | INFO: Primitives created: 1
00:02:31 | INFO: Extracting primitive: U8 | formed lead 1_3
00:02:31 | INFO: Primitives created: 1
00:02:31 | INFO: Extracting primitive: U8 | formed lead -1_0
00:02:31 | INFO: Primitives created: 1
00:02:31 | INFO: Extracting primitive: U8 | formed lead -1_1
00:02:31 | INFO: Primitives created: 1
00:02:31 | INFO: Extracting primitive: U8 | formed lead -1_2
00:02:31 | INFO: Primitives created: 1
00:02:31 | INFO: Extracting primitive: U8 | formed lead -1_3
00:02:31 | INFO: Primitives created: 1
00:02:31 | INFO: Extracting primitive: Cube.1350
00:02:31 | INFO: Primitives created: 1
00:02:31 | INFO: Extracting primitive: Cube.1352
00:02:31 | INFO: Primitives created: 1
00:02:31 | INFO: Extracting primitive: Cube.1354
00:02:31 | INFO: Primitives created: 1
00:02:31 | INFO: Extracting primitive: Cube.1356
00:02:31 | INFO: Primitives created: 1
00:02:31 | INFO: Extracting primitive: Cube.1358
00:02:31 | INFO: Primitives created: 1
00:02:31 | INFO: Extracting primitive: Cube.1360
00:02:31 | INFO: Primitives created: 1
00:02:31 | INFO: Extracting primitive: Cube.1362
00:02:31 | INFO: Primitives created: 1
00:02:31 | INFO: Extracting primitive: Cube.1364
00:02:31 | INFO: Primitives created: 1
00:02:31 | INFO: Extracting primitive: Cylinder.021
00:02:31 | INFO: Primitives created: 1
00:02:31 | INFO: Extracting primitive: Cube.1349
00:02:31 | INFO: Primitives created: 1
00:02:31 | INFO: Extracting primitive: Cube.1351
00:02:31 | INFO: Primitives created: 1
00:02:31 | INFO: Extracting primitive: Cube.1353
00:02:31 | INFO: Primitives created: 1
00:02:31 | INFO: Extracting primitive: Cube.1355
00:02:31 | INFO: Primitives created: 1
00:02:31 | INFO: Extracting primitive: Cube.1357
00:02:31 | INFO: Primitives created: 1
00:02:31 | INFO: Extracting primitive: Cube.1359
00:02:31 | INFO: Primitives created: 1
00:02:31 | INFO: Extracting primitive: Cube.1361
00:02:31 | INFO: Primitives created: 1
00:02:31 | INFO: Extracting primitive: Cube.1363
00:02:32 | INFO: Primitives created: 1
00:02:32 | INFO: Extracting primitive: Cube.1348
00:02:32 | INFO: Primitives created: 1
00:02:32 | INFO: Extracting primitive: Cube.1215
00:02:32 | INFO: Primitives created: 1
00:02:32 | INFO: Extracting primitive: Cube.1216
00:02:32 | INFO: Primitives created: 1
00:02:32 | INFO: Extracting primitive: Cube.1217
00:02:32 | INFO: Primitives created: 1
00:02:32 | INFO: Extracting primitive: Cube.1218
00:02:32 | INFO: Primitives created: 1
00:02:32 | INFO: Extracting primitive: Cube.1219
00:02:32 | INFO: Primitives created: 1
00:02:32 | INFO: Extracting primitive: Cube.1220
00:02:32 | INFO: Primitives created: 1
00:02:32 | INFO: Extracting primitive: Cube.1221
00:02:32 | INFO: Primitives created: 1
00:02:32 | INFO: Extracting primitive: Cube.1222
00:02:32 | INFO: Primitives created: 1
00:02:32 | INFO: Extracting primitive: Cube.1223
00:02:32 | INFO: Primitives created: 1
00:02:32 | INFO: Extracting primitive: Cube.1224
00:02:32 | INFO: Primitives created: 1
00:02:32 | INFO: Extracting primitive: Cube.1225
00:02:32 | INFO: Primitives created: 1
00:02:32 | INFO: Extracting primitive: Cube.1226
00:02:32 | INFO: Primitives created: 1
00:02:32 | INFO: Extracting primitive: Cube.1227
00:02:32 | INFO: Primitives created: 1
00:02:32 | INFO: Extracting primitive: Cube.1228
00:02:32 | INFO: Primitives created: 1
00:02:32 | INFO: Extracting primitive: Cube.1229
00:02:32 | INFO: Primitives created: 1
00:02:32 | INFO: Extracting primitive: Cylinder.018
00:02:32 | INFO: Primitives created: 1
00:02:32 | INFO: Extracting primitive: Cube.1214
00:02:32 | INFO: Primitives created: 1
00:02:32 | INFO: Extracting primitive: Cube.1234
00:02:32 | INFO: Primitives created: 1
00:02:32 | INFO: Extracting primitive: Cube.1236
00:02:32 | INFO: Primitives created: 1
00:02:32 | INFO: Extracting primitive: Cube.1239
00:02:32 | INFO: Primitives created: 1
00:02:32 | INFO: Extracting primitive: Cube.1242
00:02:32 | INFO: Primitives created: 1
00:02:32 | INFO: Extracting primitive: Cube.1245
00:02:32 | INFO: Primitives created: 1
00:02:32 | INFO: Extracting primitive: Cube.1248
00:02:32 | INFO: Primitives created: 1
00:02:32 | INFO: Extracting primitive: Cube.1251
00:02:32 | INFO: Primitives created: 1
00:02:32 | INFO: Extracting primitive: Cube.1235
00:02:32 | INFO: Primitives created: 1
00:02:32 | INFO: Extracting primitive: Cube.1238
00:02:32 | INFO: Primitives created: 1
00:02:32 | INFO: Extracting primitive: Cube.1241
00:02:32 | INFO: Primitives created: 1
00:02:32 | INFO: Extracting primitive: Cube.1244
00:02:32 | INFO: Primitives created: 1
00:02:32 | INFO: Extracting primitive: Cube.1247
00:02:32 | INFO: Primitives created: 1
00:02:32 | INFO: Extracting primitive: Cube.1250
00:02:32 | INFO: Primitives created: 1
00:02:32 | INFO: Extracting primitive: Cylinder.019
00:02:32 | INFO: Primitives created: 1
00:02:32 | INFO: Extracting primitive: Cube.1237
00:02:32 | INFO: Primitives created: 1
00:02:32 | INFO: Extracting primitive: Cube.1240
00:02:32 | INFO: Primitives created: 1
00:02:32 | INFO: Extracting primitive: Cube.1243
00:02:32 | INFO: Primitives created: 1
00:02:32 | INFO: Extracting primitive: Cube.1246
00:02:32 | INFO: Primitives created: 1
00:02:32 | INFO: Extracting primitive: Cube.1249
00:02:32 | INFO: Primitives created: 1
00:02:32 | INFO: Extracting primitive: Cube.1252
00:02:32 | INFO: Primitives created: 1
00:02:32 | INFO: Extracting primitive: Cube.1253
00:02:32 | INFO: Primitives created: 1
00:02:32 | INFO: Extracting primitive: Cube.1255
00:02:32 | INFO: Primitives created: 1
00:02:32 | INFO: Extracting primitive: Cube.1258
00:02:32 | INFO: Primitives created: 1
00:02:32 | INFO: Extracting primitive: Cube.1261
00:02:32 | INFO: Primitives created: 1
00:02:32 | INFO: Extracting primitive: Cube.1264
00:02:32 | INFO: Primitives created: 1
00:02:32 | INFO: Extracting primitive: Cube.1267
00:02:32 | INFO: Primitives created: 1
00:02:32 | INFO: Extracting primitive: Cube.1270
00:02:32 | INFO: Primitives created: 1
00:02:32 | INFO: Extracting primitive: Cube.1254
00:02:32 | INFO: Primitives created: 1
00:02:32 | INFO: Extracting primitive: Cube.1257
00:02:32 | INFO: Primitives created: 1
00:02:32 | INFO: Extracting primitive: Cube.1260
00:02:32 | INFO: Primitives created: 1
00:02:32 | INFO: Extracting primitive: Cube.1263
00:02:32 | INFO: Primitives created: 1
00:02:32 | INFO: Extracting primitive: Cube.1266
00:02:32 | INFO: Primitives created: 1
00:02:32 | INFO: Extracting primitive: Cube.1269
00:02:32 | INFO: Primitives created: 1
00:02:32 | INFO: Extracting primitive: Cylinder.020
00:02:32 | INFO: Primitives created: 1
00:02:32 | INFO: Extracting primitive: Cube.1256
00:02:32 | INFO: Primitives created: 1
00:02:32 | INFO: Extracting primitive: Cube.1259
00:02:32 | INFO: Primitives created: 1
00:02:32 | INFO: Extracting primitive: Cube.1262
00:02:32 | INFO: Primitives created: 1
00:02:32 | INFO: Extracting primitive: Cube.1265
00:02:32 | INFO: Primitives created: 1
00:02:32 | INFO: Extracting primitive: Cube.1268
00:02:32 | INFO: Primitives created: 1
00:02:32 | INFO: Extracting primitive: Cube.1271
00:02:32 | INFO: Primitives created: 1
00:02:32 | INFO: Extracting primitive: Cube.1365
00:02:32 | INFO: Primitives created: 1
00:02:32 | INFO: Extracting primitive: Cube.1367
00:02:32 | INFO: Primitives created: 1
00:02:32 | INFO: Extracting primitive: Cube.1370
00:02:32 | INFO: Primitives created: 1
00:02:32 | INFO: Extracting primitive: Cube.1373
00:02:32 | INFO: Primitives created: 1
00:02:32 | INFO: Extracting primitive: Cube.1376
00:02:32 | INFO: Primitives created: 1
00:02:32 | INFO: Extracting primitive: Cube.1379
00:02:32 | INFO: Primitives created: 1
00:02:32 | INFO: Extracting primitive: Cube.1382
00:02:32 | INFO: Primitives created: 1
00:02:32 | INFO: Extracting primitive: Cube.1366
00:02:32 | INFO: Primitives created: 1
00:02:32 | INFO: Extracting primitive: Cube.1369
00:02:32 | INFO: Primitives created: 1
00:02:32 | INFO: Extracting primitive: Cube.1372
00:02:32 | INFO: Primitives created: 1
00:02:32 | INFO: Extracting primitive: Cube.1375
00:02:32 | INFO: Primitives created: 1
00:02:32 | INFO: Extracting primitive: Cube.1378
00:02:32 | INFO: Primitives created: 1
00:02:32 | INFO: Extracting primitive: Cube.1381
00:02:32 | INFO: Primitives created: 1
00:02:32 | INFO: Extracting primitive: Cylinder.022
00:02:32 | INFO: Primitives created: 1
00:02:32 | INFO: Extracting primitive: Cube.1368
00:02:32 | INFO: Primitives created: 1
00:02:32 | INFO: Extracting primitive: Cube.1371
00:02:32 | INFO: Primitives created: 1
00:02:32 | INFO: Extracting primitive: Cube.1374
00:02:32 | INFO: Primitives created: 1
00:02:32 | INFO: Extracting primitive: Cube.1377
00:02:32 | INFO: Primitives created: 1
00:02:32 | INFO: Extracting primitive: Cube.1380
00:02:32 | INFO: Primitives created: 1
00:02:32 | INFO: Extracting primitive: Cube.1383
00:02:32 | INFO: Primitives created: 1
00:02:32 | INFO: Extracting primitive: Cube.1447
00:02:32 | INFO: Primitives created: 1
00:02:32 | INFO: Extracting primitive: Cube.1449
00:02:32 | INFO: Primitives created: 1
00:02:32 | INFO: Extracting primitive: Cube.1450
00:02:32 | INFO: Primitives created: 1
00:02:32 | INFO: Extracting primitive: Cube.1448
00:02:32 | INFO: Primitives created: 1
00:02:32 | INFO: Extracting primitive: J1 | folded shell seam
00:02:32 | INFO: Primitives created: 1
00:02:32 | INFO: Extracting primitive: J1 | inner retention spring
00:02:32 | INFO: Primitives created: 1
00:02:32 | INFO: Extracting primitive: J1 | inner retention spring.001
00:02:32 | INFO: Primitives created: 1
00:02:32 | INFO: Extracting primitive: Cube.1402
00:02:32 | INFO: Primitives created: 1
00:02:32 | INFO: Extracting primitive: Cube.1451
00:02:32 | INFO: Primitives created: 1
00:02:32 | INFO: Extracting primitive: Cube.1452
00:02:32 | INFO: Primitives created: 1
00:02:32 | INFO: Extracting primitive: Cube.1453
00:02:32 | INFO: Primitives created: 1
00:02:32 | INFO: Extracting primitive: Cube.1454
00:02:32 | INFO: Primitives created: 1
00:02:32 | INFO: Extracting primitive: Cube.1427
00:02:32 | INFO: Primitives created: 1
00:02:32 | INFO: Extracting primitive: Cube.1428
00:02:32 | INFO: Primitives created: 1
00:02:32 | INFO: Extracting primitive: Cube.1429
00:02:32 | INFO: Primitives created: 1
00:02:32 | INFO: Extracting primitive: Cube.1430
00:02:32 | INFO: Primitives created: 1
00:02:32 | INFO: Extracting primitive: Cube.1403
00:02:32 | INFO: Primitives created: 1
00:02:32 | INFO: Extracting primitive: Cube.1404
00:02:32 | INFO: Primitives created: 1
00:02:32 | INFO: Extracting primitive: Cube.1405
00:02:32 | INFO: Primitives created: 1
00:02:32 | INFO: Extracting primitive: Cube.1406
00:02:32 | INFO: Primitives created: 1
00:02:32 | INFO: Extracting primitive: Cube.1407
00:02:32 | INFO: Primitives created: 1
00:02:32 | INFO: Extracting primitive: Cube.1408
00:02:32 | INFO: Primitives created: 1
00:02:32 | INFO: Extracting primitive: Cube.1409
00:02:32 | INFO: Primitives created: 1
00:02:32 | INFO: Extracting primitive: Cube.1410
00:02:32 | INFO: Primitives created: 1
00:02:32 | INFO: Extracting primitive: Cube.1411
00:02:32 | INFO: Primitives created: 1
00:02:32 | INFO: Extracting primitive: Cube.1412
00:02:32 | INFO: Primitives created: 1
00:02:32 | INFO: Extracting primitive: Cube.1413
00:02:32 | INFO: Primitives created: 1
00:02:32 | INFO: Extracting primitive: Cube.1414
00:02:32 | INFO: Primitives created: 1
00:02:32 | INFO: Extracting primitive: Cube.1415
00:02:32 | INFO: Primitives created: 1
00:02:32 | INFO: Extracting primitive: Cube.1416
00:02:32 | INFO: Primitives created: 1
00:02:32 | INFO: Extracting primitive: Cube.1417
00:02:32 | INFO: Primitives created: 1
00:02:32 | INFO: Extracting primitive: Cube.1418
00:02:32 | INFO: Primitives created: 1
00:02:32 | INFO: Extracting primitive: Cube.1419
00:02:32 | INFO: Primitives created: 1
00:02:32 | INFO: Extracting primitive: Cube.1420
00:02:32 | INFO: Primitives created: 1
00:02:32 | INFO: Extracting primitive: Cube.1421
00:02:32 | INFO: Primitives created: 1
00:02:32 | INFO: Extracting primitive: Cube.1422
00:02:32 | INFO: Primitives created: 1
00:02:32 | INFO: Extracting primitive: Cube.1423
00:02:32 | INFO: Primitives created: 1
00:02:32 | INFO: Extracting primitive: Cube.1424
00:02:32 | INFO: Primitives created: 1
00:02:32 | INFO: Extracting primitive: Cube.1425
00:02:32 | INFO: Primitives created: 1
00:02:32 | INFO: Extracting primitive: Cube.1426
00:02:32 | INFO: Primitives created: 1
00:02:32 | INFO: Extracting primitive: Cube.1401
00:02:32 | INFO: Primitives created: 1
00:02:32 | INFO: Extracting primitive: Text 3V3
00:02:32 | INFO: Primitives created: 1
00:02:32 | INFO: Extracting primitive: Text BOOT
00:02:32 | INFO: Primitives created: 1
00:02:32 | INFO: Extracting primitive: Text CHG
00:02:32 | INFO: Primitives created: 1
00:02:32 | INFO: Extracting primitive: Text GND
00:02:32 | INFO: Primitives created: 1
00:02:32 | INFO: Extracting primitive: Text IO0
00:02:32 | INFO: Primitives created: 1
00:02:32 | INFO: Extracting primitive: Text PWR
00:02:32 | INFO: Primitives created: 1
00:02:32 | INFO: Extracting primitive: Text RST
00:02:32 | INFO: Primitives created: 1
00:02:32 | INFO: Extracting primitive: Text RX
00:02:32 | INFO: Primitives created: 1
00:02:32 | INFO: Extracting primitive: Text TX
00:02:32 | INFO: Primitives created: 1
00:02:32 | INFO: Extracting primitive: Text USB-C
00:02:32 | INFO: Primitives created: 1
00:02:32 | INFO: Extracting primitive: Cube.1443
00:02:32 | INFO: Primitives created: 1
00:02:32 | INFO: Extracting primitive: Cube.1445
00:02:32 | INFO: Primitives created: 1
00:02:32 | INFO: Extracting primitive: Cube.1446
00:02:32 | INFO: Primitives created: 1
00:02:32 | INFO: Extracting primitive: Cube.1444
00:02:32 | INFO: Primitives created: 1
00:02:32 | INFO: Extracting primitive: Cylinder.024
00:02:32 | INFO: Primitives created: 1
00:02:32 | INFO: Extracting primitive: Cube.1433
00:02:32 | INFO: Primitives created: 1
00:02:32 | INFO: Extracting primitive: Cube.1434
00:02:32 | INFO: Primitives created: 1
00:02:32 | INFO: Extracting primitive: Cube.1435
00:02:32 | INFO: Primitives created: 1
00:02:32 | INFO: Extracting primitive: Cube.1436
00:02:32 | INFO: Primitives created: 1
00:02:32 | INFO: Extracting primitive: Cube.1432
00:02:32 | INFO: Primitives created: 1
00:02:32 | INFO: Extracting primitive: Cube.1431
00:02:32 | INFO: Primitives created: 1
00:02:32 | INFO: Extracting primitive: Cylinder.025
00:02:32 | INFO: Primitives created: 1
00:02:32 | INFO: Extracting primitive: Cube.1439
00:02:32 | INFO: Primitives created: 1
00:02:32 | INFO: Extracting primitive: Cube.1440
00:02:32 | INFO: Primitives created: 1
00:02:32 | INFO: Extracting primitive: Cube.1441
00:02:32 | INFO: Primitives created: 1
00:02:32 | INFO: Extracting primitive: Cube.1442
00:02:32 | INFO: Primitives created: 1
00:02:32 | INFO: Extracting primitive: Cube.1438
00:02:32 | INFO: Primitives created: 1
00:02:32 | INFO: Extracting primitive: Cube.1437
00:02:32 | INFO: Primitives created: 1
00:02:32 | INFO: Extracting primitive: Cylinder.026
00:02:32 | INFO: Primitives created: 1
00:02:32 | INFO: Extracting primitive: Cylinder.027
00:02:32 | INFO: Primitives created: 1
00:02:32 | INFO: Extracting primitive: Cylinder.028
00:02:32 | INFO: Primitives created: 1
00:02:32 | INFO: Extracting primitive: Cylinder.029
00:02:32 | INFO: Primitives created: 1
00:02:32 | INFO: Extracting primitive: Cylinder.030
00:02:32 | INFO: Primitives created: 1
00:02:32 | INFO: Extracting primitive: Cube.1476
00:02:32 | INFO: Primitives created: 1
00:02:32 | INFO: Extracting primitive: Cube.1478
00:02:32 | INFO: Primitives created: 1
00:02:32 | INFO: Extracting primitive: Cube.1480
00:02:32 | INFO: Primitives created: 1
00:02:32 | INFO: Extracting primitive: Cube.1477
00:02:32 | INFO: Primitives created: 1
00:02:32 | INFO: Extracting primitive: Cube.1479
00:02:32 | INFO: Primitives created: 1
00:02:32 | INFO: Extracting primitive: Cube.1481
00:02:32 | INFO: Primitives created: 1
00:02:32 | INFO: Extracting primitive: Cube.1483
00:02:32 | INFO: Primitives created: 1
00:02:32 | INFO: Extracting primitive: Cube.1485
00:02:32 | INFO: Primitives created: 1
00:02:32 | INFO: Extracting primitive: Cube.1482
00:02:32 | INFO: Primitives created: 1
00:02:32 | INFO: Extracting primitive: Cube.1484
00:02:32 | INFO: Primitives created: 1
00:02:32 | INFO: Extracting primitive: Cube.1486
00:02:32 | INFO: Primitives created: 1
00:02:32 | INFO: Extracting primitive: Cube.1488
00:02:32 | INFO: Primitives created: 1
00:02:32 | INFO: Extracting primitive: Cube.1490
00:02:32 | INFO: Primitives created: 1
00:02:32 | INFO: Extracting primitive: Cube.1487
00:02:32 | INFO: Primitives created: 1
00:02:32 | INFO: Extracting primitive: Cube.1489
00:02:32 | INFO: Primitives created: 1
00:02:32 | INFO: Extracting primitive: Cube.1491
00:02:32 | INFO: Primitives created: 1
00:02:32 | INFO: Extracting primitive: Cube.1493
00:02:32 | INFO: Primitives created: 1
00:02:32 | INFO: Extracting primitive: Cube.1495
00:02:32 | INFO: Primitives created: 1
00:02:32 | INFO: Extracting primitive: Cube.1492
00:02:32 | INFO: Primitives created: 1
00:02:32 | INFO: Extracting primitive: Cube.1494
00:02:32 | INFO: Primitives created: 1
00:02:32 | INFO: Extracting primitive: Text OPTICAL / SKIN
00:02:32 | INFO: Primitives created: 1
00:02:32 | INFO: Extracting primitive: Text U2 / MAX30102
00:02:32 | INFO: Primitives created: 1
00:02:32 | INFO: Extracting primitive: Cube.1457
00:02:32 | INFO: Primitives created: 1
00:02:32 | INFO: Extracting primitive: Cube.1459
00:02:32 | INFO: Primitives created: 1
00:02:32 | INFO: Extracting primitive: Cube.1458
00:02:32 | INFO: Primitives created: 1
00:02:32 | INFO: Extracting primitive: Cube.1460
00:02:32 | INFO: Primitives created: 1
00:02:32 | INFO: Extracting primitive: Cube.1462
00:02:32 | INFO: Primitives created: 1
00:02:32 | INFO: Extracting primitive: Cube.1463
00:02:32 | INFO: Primitives created: 1
00:02:32 | INFO: Extracting primitive: Cube.1464
00:02:32 | INFO: Primitives created: 1
00:02:32 | INFO: Extracting primitive: Cube.1465
00:02:32 | INFO: Primitives created: 1
00:02:32 | INFO: Extracting primitive: Cube.1466
00:02:32 | INFO: Primitives created: 1
00:02:32 | INFO: Extracting primitive: Cube.1467
00:02:32 | INFO: Primitives created: 1
00:02:32 | INFO: Extracting primitive: Cube.1468
00:02:32 | INFO: Primitives created: 1
00:02:32 | INFO: Extracting primitive: Cube.1469
00:02:32 | INFO: Primitives created: 1
00:02:32 | INFO: Extracting primitive: Cube.1470
00:02:32 | INFO: Primitives created: 1
00:02:32 | INFO: Extracting primitive: Cube.1471
00:02:32 | INFO: Primitives created: 1
00:02:32 | INFO: Extracting primitive: Cube.1472
00:02:32 | INFO: Primitives created: 1
00:02:32 | INFO: Extracting primitive: Cube.1473
00:02:32 | INFO: Primitives created: 1
00:02:32 | INFO: Extracting primitive: Cube.1474
00:02:32 | INFO: Primitives created: 1
00:02:32 | INFO: Extracting primitive: Cube.1475
00:02:32 | INFO: Primitives created: 1
00:02:32 | INFO: Extracting primitive: Cube.1455
00:02:32 | INFO: Primitives created: 1
00:02:32 | INFO: Extracting primitive: Cube.1456
00:02:32 | INFO: Primitives created: 1
00:02:32 | INFO: Extracting primitive: Cube.1461
00:02:32 | INFO: Primitives created: 1
00:02:32 | INFO: Extracting primitive: Text DS18B20
00:02:32 | INFO: Primitives created: 1
00:02:32 | INFO: Extracting primitive: Text SKIN TEMP
00:02:32 | INFO: Primitives created: 1
00:02:32 | INFO: Extracting primitive: Text U4
00:02:32 | INFO: Primitives created: 1
00:02:32 | INFO: Extracting primitive: Cube.1521
00:02:32 | INFO: Primitives created: 1
00:02:32 | INFO: Extracting primitive: Cube.1523
00:02:32 | INFO: Primitives created: 1
00:02:32 | INFO: Extracting primitive: Cube.1525
00:02:32 | INFO: Primitives created: 1
00:02:32 | INFO: Extracting primitive: Cube.1522
00:02:32 | INFO: Primitives created: 1
00:02:32 | INFO: Extracting primitive: Cube.1524
00:02:32 | INFO: Primitives created: 1
00:02:32 | INFO: Extracting primitive: Cube.1496
00:02:32 | INFO: Primitives created: 1
00:02:32 | INFO: Extracting primitive: Cube.1498
00:02:32 | INFO: Primitives created: 1
00:02:32 | INFO: Extracting primitive: Cube.1501
00:02:32 | INFO: Primitives created: 1
00:02:32 | INFO: Extracting primitive: Cube.1504
00:02:32 | INFO: Primitives created: 1
00:02:32 | INFO: Extracting primitive: Cube.1507
00:02:32 | INFO: Primitives created: 1
00:02:32 | INFO: Extracting primitive: Cube.1510
00:02:32 | INFO: Primitives created: 1
00:02:32 | INFO: Extracting primitive: Cube.1513
00:02:32 | INFO: Primitives created: 1
00:02:32 | INFO: Extracting primitive: Cube.1516
00:02:32 | INFO: Primitives created: 1
00:02:32 | INFO: Extracting primitive: Cube.1519
00:02:32 | INFO: Primitives created: 1
00:02:32 | INFO: Extracting primitive: Cube.1497
00:02:32 | INFO: Primitives created: 1
00:02:32 | INFO: Extracting primitive: Cube.1500
00:02:32 | INFO: Primitives created: 1
00:02:32 | INFO: Extracting primitive: Cube.1503
00:02:32 | INFO: Primitives created: 1
00:02:32 | INFO: Extracting primitive: Cube.1506
00:02:32 | INFO: Primitives created: 1
00:02:32 | INFO: Extracting primitive: Cube.1509
00:02:32 | INFO: Primitives created: 1
00:02:32 | INFO: Extracting primitive: Cube.1512
00:02:32 | INFO: Primitives created: 1
00:02:32 | INFO: Extracting primitive: Cube.1515
00:02:32 | INFO: Primitives created: 1
00:02:32 | INFO: Extracting primitive: Cube.1518
00:02:32 | INFO: Primitives created: 1
00:02:32 | INFO: Extracting primitive: Cylinder.031
00:02:32 | INFO: Primitives created: 1
00:02:32 | INFO: Extracting primitive: Cube.1499
00:02:32 | INFO: Primitives created: 1
00:02:32 | INFO: Extracting primitive: Cube.1502
00:02:32 | INFO: Primitives created: 1
00:02:32 | INFO: Extracting primitive: Cube.1505
00:02:32 | INFO: Primitives created: 1
00:02:32 | INFO: Extracting primitive: Cube.1508
00:02:32 | INFO: Primitives created: 1
00:02:32 | INFO: Extracting primitive: Cube.1511
00:02:32 | INFO: Primitives created: 1
00:02:32 | INFO: Extracting primitive: Cube.1514
00:02:32 | INFO: Primitives created: 1
00:02:32 | INFO: Extracting primitive: Cube.1517
00:02:32 | INFO: Primitives created: 1
00:02:32 | INFO: Extracting primitive: Cube.1520
00:02:32 | INFO: Primitives created: 1
00:02:32 | INFO: Extracting primitive: Bottom visual route 0
00:02:32 | INFO: Primitives created: 1
00:02:32 | INFO: Extracting primitive: Bottom visual route 1
00:02:32 | INFO: Primitives created: 1
00:02:32 | INFO: Extracting primitive: Bottom visual route 2
00:02:32 | INFO: Primitives created: 1
00:02:32 | INFO: Extracting primitive: Bottom visual route 3
00:02:32 | INFO: Primitives created: 1
00:02:32 | INFO: Extracting primitive: Cylinder.032
00:02:32 | INFO: Primitives created: 1
00:02:32 | INFO: Extracting primitive: Cylinder.033
00:02:32 | INFO: Primitives created: 1
00:02:32 | INFO: Extracting primitive: Cylinder.034
00:02:32 | INFO: Primitives created: 1
00:02:32 | INFO: Extracting primitive: Text 3D ASSEMBLY CONCEPT
00:02:32 | INFO: Primitives created: 1
00:02:32 | INFO: Extracting primitive: Text G1
00:02:32 | INFO: Primitives created: 1
00:02:32 | INFO: Extracting primitive: Text G1.001
00:02:32 | INFO: Primitives created: 1
00:02:32 | INFO: Extracting primitive: Text G-ONE WEARABLE
00:02:32 | INFO: Primitives created: 1
00:02:32 | INFO: Extracting primitive: Text REV A
00:02:32 | INFO: Primitives created: 1
00:02:32 | INFO: Extracting primitive: Text REV A  /  64 x 44 mm
00:02:32 | INFO: Primitives created: 1
00:02:32 | INFO: Extracting primitive: Visual power corridor | illustrative
00:02:32 | INFO: Primitives created: 1
00:02:32 | INFO: Extracting primitive: Visual routing 1.0 | NOT a netlist
00:02:32 | INFO: Primitives created: 1
00:02:32 | INFO: Extracting primitive: Visual routing 1.1 | NOT a netlist
00:02:32 | INFO: Primitives created: 1
00:02:32 | INFO: Extracting primitive: Visual routing 2.0 | NOT a netlist
00:02:32 | INFO: Primitives created: 1
00:02:32 | INFO: Extracting primitive: Visual routing 2.1 | NOT a netlist
00:02:32 | INFO: Primitives created: 1
00:02:32 | INFO: Extracting primitive: Visual routing 3.0 | NOT a netlist
00:02:32 | INFO: Primitives created: 1
00:02:32 | INFO: Extracting primitive: Visual routing 3.1 | NOT a netlist
00:02:32 | INFO: Primitives created: 1
00:02:32 | INFO: Extracting primitive: Visual routing 4.0 | NOT a netlist
00:02:32 | INFO: Primitives created: 1
00:02:32 | INFO: Extracting primitive: Visual routing 4.1 | NOT a netlist
00:02:32 | INFO: Primitives created: 1
00:02:32 | INFO: Extracting primitive: Visual routing 5.0 | NOT a netlist
00:02:32 | INFO: Primitives created: 1
00:02:32 | INFO: Extracting primitive: Visual routing 6.0 | NOT a netlist
00:02:32 | INFO: Primitives created: 1
00:02:32 | INFO: Extracting primitive: Visual routing 7.0 | NOT a netlist
00:02:32 | INFO: Primitives created: 1
00:02:32 | INFO: Extracting primitive: Visual routing 8.0 | NOT a netlist
00:02:32 | INFO: Primitives created: 1
00:02:32 | INFO: Extracting primitive: Visual routing 9.0 | NOT a netlist
00:02:32 | INFO: Primitives created: 1
00:02:32 | INFO: Extracting primitive: Visual routing 11.0 | NOT a netlist
00:02:32 | INFO: Primitives created: 1
00:02:32 | INFO: Extracting primitive: Visual routing 12.0 | NOT a netlist
00:02:32 | INFO: Primitives created: 1
00:02:32 | INFO: Extracting primitive: Visual routing 13.0 | NOT a netlist
00:02:32 | INFO: Primitives created: 1
00:02:32 | INFO: Extracting primitive: Cube.1526
00:02:32 | INFO: Primitives created: 1
00:02:32 | INFO: Extracting primitive: Cube.1527
00:02:32 | INFO: Primitives created: 1
00:02:32 | INFO: Extracting primitive: Cube.1532
00:02:32 | INFO: Primitives created: 1
00:02:32 | INFO: Extracting primitive: Cube.1533
00:02:32 | INFO: Primitives created: 1
00:02:32 | INFO: Extracting primitive: Cube.1534
00:02:32 | INFO: Primitives created: 1
00:02:32 | INFO: Extracting primitive: Cube.1535
00:02:32 | INFO: Primitives created: 1
00:02:32 | INFO: Extracting primitive: Cube.1536
00:02:32 | INFO: Primitives created: 1
00:02:32 | INFO: Extracting primitive: Cube.1537
00:02:32 | INFO: Primitives created: 1
00:02:32 | INFO: Extracting primitive: Cube.1528
00:02:33 | INFO: Primitives created: 1
00:02:33 | INFO: Extracting primitive: Cube.1529
00:02:33 | INFO: Primitives created: 1
00:02:33 | INFO: Extracting primitive: Cube.1530
00:02:33 | INFO: Primitives created: 1
00:02:33 | INFO: Extracting primitive: Cube.1531
00:02:33 | INFO: Primitives created: 1
00:02:33 | INFO: Extracting primitive: Cube.1538
00:02:33 | INFO: Primitives created: 1
00:02:33 | INFO: Extracting primitive: Cube.1539
00:02:33 | INFO: Primitives created: 1
00:02:33 | INFO: Extracting primitive: Cube.1540
00:02:33 | INFO: Primitives created: 1
00:02:33 | INFO: Extracting primitive: Cube.1541
00:02:33 | INFO: Primitives created: 1
00:02:33 | INFO: Extracting primitive: Cube.1542
00:02:33 | INFO: Primitives created: 1
00:02:33 | INFO: Extracting primitive: Cube.1543
00:02:33 | INFO: Primitives created: 1
00:02:33 | INFO: Extracting primitive: Cube.1544
00:02:33 | INFO: Primitives created: 1
00:02:33 | INFO: Extracting primitive: Cube.1545
00:02:33 | INFO: Primitives created: 1
00:02:33 | INFO: Extracting primitive: Cube.1546
00:02:33 | INFO: Primitives created: 1
00:02:33 | INFO: Extracting primitive: Cube.1547
00:02:33 | INFO: Primitives created: 1
00:02:33 | INFO: Extracting primitive: Cube.1548
00:02:33 | INFO: Primitives created: 1
00:02:33 | INFO: Extracting primitive: Cube.1549
00:02:33 | INFO: Primitives created: 1
00:02:33 | INFO: Extracting primitive: Cube.1550
00:02:33 | INFO: Primitives created: 1
00:02:33 | INFO: Extracting primitive: Cube.1551
00:02:33 | INFO: Primitives created: 1
00:02:33 | INFO: Extracting primitive: Cube.1552
00:02:33 | INFO: Primitives created: 1
00:02:33 | INFO: Extracting primitive: Cube.1553
00:02:33 | INFO: Primitives created: 1
00:02:33 | INFO: Extracting primitive: Cube.1554
00:02:33 | INFO: Primitives created: 1
00:02:33 | INFO: Extracting primitive: Cube.1555
00:02:33 | INFO: Primitives created: 1
00:02:33 | INFO: Extracting primitive: Cube.1556
00:02:33 | INFO: Primitives created: 1
00:02:33 | INFO: Extracting primitive: Cube.1557
00:02:33 | INFO: Primitives created: 1
00:02:33 | INFO: Extracting primitive: Cube.1564
00:02:33 | INFO: Primitives created: 1
00:02:33 | INFO: Extracting primitive: Cube.1565
00:02:33 | INFO: Primitives created: 1
00:02:33 | INFO: Extracting primitive: Cube.1566
00:02:33 | INFO: Primitives created: 1
00:02:33 | INFO: Extracting primitive: Cube.1567
00:02:33 | INFO: Primitives created: 1
00:02:33 | INFO: Extracting primitive: Cube.1568
00:02:33 | INFO: Primitives created: 1
00:02:33 | INFO: Extracting primitive: Cube.1569
00:02:33 | INFO: Primitives created: 1
00:02:33 | INFO: Extracting primitive: Cube.1570
00:02:33 | INFO: Primitives created: 1
00:02:33 | INFO: Extracting primitive: Cube.1571
00:02:33 | INFO: Primitives created: 1
00:02:33 | INFO: Extracting primitive: Cube.1572
00:02:33 | INFO: Primitives created: 1
00:02:33 | INFO: Extracting primitive: Cube.1573
00:02:33 | INFO: Primitives created: 1
00:02:33 | INFO: Extracting primitive: Cube.1574
00:02:33 | INFO: Primitives created: 1
00:02:33 | INFO: Extracting primitive: Cube.1575
00:02:33 | INFO: Primitives created: 1
00:02:33 | INFO: Extracting primitive: Cube.1576
00:02:33 | INFO: Primitives created: 1
00:02:33 | INFO: Extracting primitive: Cube.1577
00:02:33 | INFO: Primitives created: 1
00:02:33 | INFO: Extracting primitive: Cube.1578
00:02:33 | INFO: Primitives created: 1
00:02:33 | INFO: Extracting primitive: Cube.1579
00:02:33 | INFO: Primitives created: 1
00:02:33 | INFO: Extracting primitive: Cube.1558
00:02:33 | INFO: Primitives created: 1
00:02:33 | INFO: Extracting primitive: Cube.1559
00:02:33 | INFO: Primitives created: 1
00:02:33 | INFO: Extracting primitive: Cube.1560
00:02:33 | INFO: Primitives created: 1
00:02:33 | INFO: Extracting primitive: Cube.1561
00:02:33 | INFO: Primitives created: 1
00:02:33 | INFO: Extracting primitive: Cube.1562
00:02:33 | INFO: Primitives created: 1
00:02:33 | INFO: Extracting primitive: Cube.1563
00:02:33 | INFO: Primitives created: 1
00:02:33 | INFO: Extracting primitive: Cube.1580
00:02:33 | INFO: Primitives created: 1
00:02:33 | INFO: Extracting primitive: Cube.1581
00:02:33 | INFO: Primitives created: 1
00:02:33 | INFO: Extracting primitive: Cube.1582
00:02:33 | INFO: Primitives created: 1
00:02:33 | INFO: Extracting primitive: Cube.1583
00:02:33 | INFO: Primitives created: 1
00:02:33 | INFO: Extracting primitive: Cube.1584
00:02:33 | INFO: Primitives created: 1
00:02:33 | INFO: Extracting primitive: Cube.1585
00:02:33 | INFO: Primitives created: 1
00:02:33 | INFO: Extracting primitive: Cube.1586
00:02:33 | INFO: Primitives created: 1
00:02:33 | INFO: Extracting primitive: Cube.1587
00:02:33 | INFO: Primitives created: 1
00:02:33 | INFO: Extracting primitive: Cube.1588
00:02:33 | INFO: Primitives created: 1
00:02:33 | INFO: Extracting primitive: Cube.1589
00:02:33 | INFO: Primitives created: 1
00:02:33 | INFO: Extracting primitive: Cube.1590
00:02:33 | INFO: Primitives created: 1
00:02:33 | INFO: Extracting primitive: Cube.1591
00:02:33 | INFO: Primitives created: 1
00:02:33 | INFO: Extracting primitive: Cube.1592
00:02:33 | INFO: Primitives created: 1
00:02:33 | INFO: Extracting primitive: Cube.1593
00:02:33 | INFO: Primitives created: 1
00:02:33 | INFO: Extracting primitive: Cube.1594
00:02:33 | INFO: Primitives created: 1
00:02:33 | INFO: Extracting primitive: Cube.1595
00:02:33 | INFO: Primitives created: 1
00:02:33 | INFO: Extracting primitive: Cube.1596
00:02:33 | INFO: Primitives created: 1
00:02:33 | INFO: Extracting primitive: Cube.1597
00:02:33 | INFO: Primitives created: 1
00:02:33 | INFO: Extracting primitive: Cube.1598
00:02:33 | INFO: Primitives created: 1
00:02:33 | INFO: Extracting primitive: Cube.1599
00:02:33 | INFO: Primitives created: 1
00:02:33 | INFO: Extracting primitive: Cube.1600
00:02:33 | INFO: Primitives created: 1
00:02:33 | INFO: Extracting primitive: Cube.1601
00:02:33 | INFO: Primitives created: 1
00:02:33 | INFO: Extracting primitive: Cube.1614
00:02:33 | INFO: Primitives created: 1
00:02:33 | INFO: Extracting primitive: Cube.1615
00:02:33 | INFO: Primitives created: 1
00:02:33 | INFO: Extracting primitive: Cube.1616
00:02:33 | INFO: Primitives created: 1
00:02:33 | INFO: Extracting primitive: Cube.1617
00:02:33 | INFO: Primitives created: 1
00:02:33 | INFO: Extracting primitive: Cube.1618
00:02:33 | INFO: Primitives created: 1
00:02:33 | INFO: Extracting primitive: Cube.1619
00:02:33 | INFO: Primitives created: 1
00:02:33 | INFO: Extracting primitive: Cube.1620
00:02:33 | INFO: Primitives created: 1
00:02:33 | INFO: Extracting primitive: Cube.1621
00:02:33 | INFO: Primitives created: 1
00:02:33 | INFO: Extracting primitive: Cube.1622
00:02:33 | INFO: Primitives created: 1
00:02:33 | INFO: Extracting primitive: Cube.1623
00:02:33 | INFO: Primitives created: 1
00:02:33 | INFO: Extracting primitive: Cube.1624
00:02:33 | INFO: Primitives created: 1
00:02:33 | INFO: Extracting primitive: Cube.1625
00:02:33 | INFO: Primitives created: 1
00:02:33 | INFO: Extracting primitive: Cube.1626
00:02:33 | INFO: Primitives created: 1
00:02:33 | INFO: Extracting primitive: Cube.1627
00:02:33 | INFO: Primitives created: 1
00:02:33 | INFO: Extracting primitive: Cube.1628
00:02:33 | INFO: Primitives created: 1
00:02:33 | INFO: Extracting primitive: Cube.1629
00:02:33 | INFO: Primitives created: 1
00:02:33 | INFO: Extracting primitive: Cube.1630
00:02:33 | INFO: Primitives created: 1
00:02:33 | INFO: Extracting primitive: Cube.1631
00:02:33 | INFO: Primitives created: 1
00:02:33 | INFO: Extracting primitive: Cube.1632
00:02:33 | INFO: Primitives created: 1
00:02:33 | INFO: Extracting primitive: Cube.1633
00:02:33 | INFO: Primitives created: 1
00:02:33 | INFO: Extracting primitive: Cube.1634
00:02:33 | INFO: Primitives created: 1
00:02:33 | INFO: Extracting primitive: Cube.1635
00:02:33 | INFO: Primitives created: 1
00:02:33 | INFO: Extracting primitive: Cube.1636
00:02:33 | INFO: Primitives created: 1
00:02:33 | INFO: Extracting primitive: Cube.1637
00:02:33 | INFO: Primitives created: 1
00:02:33 | INFO: Extracting primitive: Cube.1638
00:02:33 | INFO: Primitives created: 1
00:02:33 | INFO: Extracting primitive: Cube.1639
00:02:33 | INFO: Primitives created: 1
00:02:33 | INFO: Extracting primitive: Cube.1640
00:02:33 | INFO: Primitives created: 1
00:02:33 | INFO: Extracting primitive: Cube.1641
00:02:33 | INFO: Primitives created: 1
00:02:33 | INFO: Extracting primitive: Cube.1642
00:02:33 | INFO: Primitives created: 1
00:02:33 | INFO: Extracting primitive: Cube.1643
00:02:33 | INFO: Primitives created: 1
00:02:33 | INFO: Extracting primitive: Cube.1644
00:02:33 | INFO: Primitives created: 1
00:02:33 | INFO: Extracting primitive: Cube.1645
00:02:33 | INFO: Primitives created: 1
00:02:33 | INFO: Extracting primitive: Cube.1646
00:02:33 | INFO: Primitives created: 1
00:02:33 | INFO: Extracting primitive: Cube.1647
00:02:33 | INFO: Primitives created: 1
00:02:34 | INFO: Extracting primitive: Cube.1648
00:02:34 | INFO: Primitives created: 1
00:02:34 | INFO: Extracting primitive: Cube.1649
00:02:34 | INFO: Primitives created: 1
00:02:34 | INFO: Extracting primitive: Cube.1650
00:02:34 | INFO: Primitives created: 1
00:02:34 | INFO: Extracting primitive: Cube.1651
00:02:34 | INFO: Primitives created: 1
00:02:34 | INFO: Extracting primitive: Cube.1652
00:02:34 | INFO: Primitives created: 1
00:02:34 | INFO: Extracting primitive: Cube.1653
00:02:34 | INFO: Primitives created: 1
00:02:34 | INFO: Extracting primitive: Cube.1654
00:02:34 | INFO: Primitives created: 1
00:02:34 | INFO: Extracting primitive: Cube.1655
00:02:34 | INFO: Primitives created: 1
00:02:34 | INFO: Extracting primitive: Cube.1656
00:02:34 | INFO: Primitives created: 1
00:02:34 | INFO: Extracting primitive: Cube.1657
00:02:34 | INFO: Primitives created: 1
00:02:34 | INFO: Extracting primitive: Cube.1602
00:02:34 | INFO: Primitives created: 1
00:02:34 | INFO: Extracting primitive: Cube.1603
00:02:34 | INFO: Primitives created: 1
00:02:34 | INFO: Extracting primitive: Cube.1604
00:02:34 | INFO: Primitives created: 1
00:02:34 | INFO: Extracting primitive: Cube.1605
00:02:34 | INFO: Primitives created: 1
00:02:34 | INFO: Extracting primitive: Cube.1606
00:02:34 | INFO: Primitives created: 1
00:02:34 | INFO: Extracting primitive: Cube.1607
00:02:34 | INFO: Primitives created: 1
00:02:34 | INFO: Extracting primitive: Cube.1608
00:02:34 | INFO: Primitives created: 1
00:02:34 | INFO: Extracting primitive: Cube.1609
00:02:34 | INFO: Primitives created: 1
00:02:34 | INFO: Extracting primitive: Cube.1610
00:02:34 | INFO: Primitives created: 1
00:02:34 | INFO: Extracting primitive: Cube.1611
00:02:34 | INFO: Primitives created: 1
00:02:34 | INFO: Extracting primitive: Cube.1612
00:02:34 | INFO: Primitives created: 1
00:02:34 | INFO: Extracting primitive: Cube.1613
00:02:34 | INFO: Primitives created: 1
00:02:34 | INFO: Extracting primitive: Text 1
00:02:34 | INFO: Primitives created: 1
00:02:34 | INFO: Extracting primitive: Text 1.001
00:02:34 | INFO: Primitives created: 1
00:02:34 | INFO: Extracting primitive: Text 1.002
00:02:34 | INFO: Primitives created: 1
00:02:34 | INFO: Extracting primitive: Text 1.003
00:02:34 | INFO: Primitives created: 1
00:02:34 | INFO: Extracting primitive: Text 1.004
00:02:34 | INFO: Primitives created: 1
00:02:34 | INFO: Extracting primitive: Text C1
00:02:34 | INFO: Primitives created: 1
00:02:34 | INFO: Extracting primitive: Text C2
00:02:34 | INFO: Primitives created: 1
00:02:34 | INFO: Extracting primitive: Text C3
00:02:34 | INFO: Primitives created: 1
00:02:34 | INFO: Extracting primitive: Text C4
00:02:34 | INFO: Primitives created: 1
00:02:34 | INFO: Extracting primitive: Text C5
00:02:34 | INFO: Primitives created: 1
00:02:34 | INFO: Extracting primitive: Text C6
00:02:34 | INFO: Primitives created: 1
00:02:34 | INFO: Extracting primitive: Text C7
00:02:34 | INFO: Primitives created: 1
00:02:34 | INFO: Extracting primitive: Text C8
00:02:34 | INFO: Primitives created: 1
00:02:34 | INFO: Extracting primitive: Text C9
00:02:34 | INFO: Primitives created: 1
00:02:34 | INFO: Extracting primitive: Text C10
00:02:34 | INFO: Primitives created: 1
00:02:34 | INFO: Extracting primitive: Text C11
00:02:34 | INFO: Primitives created: 1
00:02:34 | INFO: Extracting primitive: Text C12
00:02:34 | INFO: Primitives created: 1
00:02:34 | INFO: Extracting primitive: Cube.1660
00:02:34 | INFO: Primitives created: 1
00:02:34 | INFO: Extracting primitive: Cube.1661
00:02:34 | INFO: Primitives created: 1
00:02:34 | INFO: Extracting primitive: Cube.1662
00:02:34 | INFO: Primitives created: 1
00:02:34 | INFO: Extracting primitive: Cube.1663
00:02:34 | INFO: Primitives created: 1
00:02:34 | INFO: Extracting primitive: Cube.1658
00:02:34 | INFO: Primitives created: 1
00:02:34 | INFO: Extracting primitive: Cube.1659
00:02:34 | INFO: Primitives created: 1
00:02:34 | INFO: Extracting primitive: Cylinder.035
00:02:34 | INFO: Primitives created: 1
00:02:34 | INFO: Extracting primitive: Cylinder.036
00:02:34 | INFO: Primitives created: 1
00:02:34 | INFO: Extracting primitive: Cylinder.037
00:02:34 | INFO: Primitives created: 1
00:02:34 | INFO: Extracting primitive: Cylinder.038
00:02:34 | INFO: Primitives created: 1
00:02:34 | INFO: Extracting primitive: M2 | driver slot
00:02:34 | INFO: Primitives created: 1
00:02:34 | INFO: Extracting primitive: M2 | driver slot.001
00:02:34 | INFO: Primitives created: 1
00:02:34 | INFO: Extracting primitive: M2 | driver slot.002
00:02:34 | INFO: Primitives created: 1
00:02:34 | INFO: Extracting primitive: M2 | driver slot.003
00:02:34 | INFO: Primitives created: 1
00:02:34 | INFO: Extracting primitive: M2 | insulating foot.004
00:02:34 | INFO: Primitives created: 1
00:02:34 | INFO: Extracting primitive: M2 | insulating foot.005
00:02:34 | INFO: Primitives created: 1
00:02:34 | INFO: Extracting primitive: M2 | insulating foot.006
00:02:34 | INFO: Primitives created: 1
00:02:34 | INFO: Extracting primitive: M2 | insulating foot.007
00:02:34 | INFO: Primitives created: 1
00:02:34 | INFO: Extracting primitive: M2 | threaded spacer.004
00:02:34 | INFO: Primitives created: 1
00:02:34 | INFO: Extracting primitive: M2 | threaded spacer.005
00:02:34 | INFO: Primitives created: 1
00:02:34 | INFO: Extracting primitive: M2 | threaded spacer.006
00:02:34 | INFO: Primitives created: 1
00:02:34 | INFO: Extracting primitive: M2 | threaded spacer.007
00:02:34 | INFO: Primitives created: 1
00:02:34 | INFO: Extracting primitive: Cube.1669
00:02:34 | INFO: Primitives created: 1
00:02:34 | INFO: Extracting primitive: Cube.1667
00:02:34 | INFO: Primitives created: 1
00:02:34 | INFO: Extracting primitive: Cube.1668
00:02:34 | INFO: Primitives created: 1
00:02:34 | INFO: Extracting primitive: Cube.1671
00:02:34 | INFO: Primitives created: 1
00:02:34 | INFO: Extracting primitive: Cube.1672
00:02:34 | INFO: Primitives created: 1
00:02:34 | INFO: Extracting primitive: Cube.1673
00:02:34 | INFO: Primitives created: 1
00:02:34 | INFO: Extracting primitive: Cube.1664
00:02:34 | INFO: Primitives created: 1
00:02:34 | INFO: Extracting primitive: Cube.1665
00:02:34 | INFO: Primitives created: 1
00:02:34 | INFO: Extracting primitive: Cube.1666
00:02:34 | INFO: Primitives created: 1
00:02:34 | INFO: Extracting primitive: Cube.1670
00:02:34 | INFO: Primitives created: 1
00:02:34 | INFO: Extracting primitive: Text 1S  /  Li-ion  /  3.7 V
00:02:34 | INFO: Primitives created: 1
00:02:34 | INFO: Extracting primitive: Text +
00:02:34 | INFO: Primitives created: 1
00:02:34 | INFO: Extracting primitive: Text -
00:02:34 | INFO: Primitives created: 1
00:02:34 | INFO: Extracting primitive: Text CELL SPECIFICATION TO VERIFY
00:02:34 | INFO: Primitives created: 1
00:02:34 | INFO: Extracting primitive: Text G-one
00:02:34 | INFO: Primitives created: 1
00:02:34 | INFO: Extracting primitive: Text RECHARGEABLE
00:02:34 | INFO: Primitives created: 1
00:02:34 | INFO: Extracting primitive: Cube.1676
00:02:34 | INFO: Primitives created: 1
00:02:34 | INFO: Extracting primitive: Cube.1677
00:02:34 | INFO: Primitives created: 1
00:02:34 | INFO: Extracting primitive: Cube.1678
00:02:34 | INFO: Primitives created: 1
00:02:34 | INFO: Extracting primitive: Cube.1675
00:02:34 | INFO: Primitives created: 1
00:02:34 | INFO: Extracting primitive: Cube.1674
00:02:34 | INFO: Primitives created: 1
00:02:34 | INFO: Extracting primitive: Cylinder.039
00:02:34 | INFO: Primitives created: 1
00:02:34 | INFO: Extracting primitive: Cylinder.040
00:02:34 | INFO: Primitives created: 1
00:02:34 | INFO: Extracting primitive: Cylinder.041
00:02:34 | INFO: Primitives created: 1
00:02:34 | INFO: Extracting primitive: W1 | BAT+ battery harness
00:02:34 | INFO: Primitives created: 1
00:02:34 | INFO: Extracting primitive: W2 | BAT- battery harness
00:02:34 | INFO: Primitives created: 1
00:02:34 | INFO: Extracting primitive: W3 | NTC battery harness
00:02:34 | INFO: Primitives created: 1
00:02:37 | INFO: Finished glTF 2.0 export in 8.278926849365234 s

00:02:41 | INFO: Data are loaded, start creating Blender stuff
00:02:41 | INFO: Blender create Mesh node H1 | annular land.002
00:02:41 | INFO: Blender create Mesh node H1 | annular land.003
00:02:41 | INFO: Blender create Mesh node H1 | barrel.001
00:02:41 | INFO: Blender create Mesh node H2 | annular land.002
00:02:41 | INFO: Blender create Mesh node H2 | annular land.003
00:02:41 | INFO: Blender create Mesh node H2 | barrel.001
00:02:41 | INFO: Blender create Mesh node H3 | annular land.002
00:02:41 | INFO: Blender create Mesh node H3 | annular land.003
00:02:41 | INFO: Blender create Mesh node H3 | barrel.001
00:02:41 | INFO: Blender create Mesh node H4 | annular land.002
00:02:41 | INFO: Blender create Mesh node H4 | annular land.003
00:02:41 | INFO: Blender create Mesh node H4 | barrel.001
00:02:41 | INFO: Blender create Mesh node H5 | annular land.002
00:02:41 | INFO: Blender create Mesh node H5 | annular land.003
00:02:41 | INFO: Blender create Mesh node H5 | barrel.001
00:02:41 | INFO: Blender create Mesh node H6 | annular land.002
00:02:41 | INFO: Blender create Mesh node H6 | annular land.003
00:02:41 | INFO: Blender create Mesh node H6 | barrel.001
00:02:41 | INFO: Blender create Mesh node PCB | 44 x 64 x 1.00 mm.001
00:02:41 | INFO: Blender create Mesh node V001 | ENIG ring.002
00:02:41 | INFO: Blender create Mesh node V001 | ENIG ring.003
00:02:41 | INFO: Blender create Mesh node V001 | plated through via.001
00:02:41 | INFO: Blender create Mesh node V002 | ENIG ring.002
00:02:41 | INFO: Blender create Mesh node V002 | ENIG ring.003
00:02:41 | INFO: Blender create Mesh node V002 | plated through via.001
00:02:41 | INFO: Blender create Mesh node V003 | ENIG ring.002
00:02:41 | INFO: Blender create Mesh node V003 | ENIG ring.003
00:02:41 | INFO: Blender create Mesh node V003 | plated through via.001
00:02:41 | INFO: Blender create Mesh node V004 | ENIG ring.002
00:02:41 | INFO: Blender create Mesh node V004 | ENIG ring.003
00:02:41 | INFO: Blender create Mesh node V004 | plated through via.001
00:02:41 | INFO: Blender create Mesh node V005 | ENIG ring.002
00:02:41 | INFO: Blender create Mesh node V005 | ENIG ring.003
00:02:41 | INFO: Blender create Mesh node V005 | plated through via.001
00:02:41 | INFO: Blender create Mesh node V006 | ENIG ring.002
00:02:41 | INFO: Blender create Mesh node V006 | ENIG ring.003
00:02:41 | INFO: Blender create Mesh node V006 | plated through via.001
00:02:41 | INFO: Blender create Mesh node V007 | ENIG ring.002
00:02:41 | INFO: Blender create Mesh node V007 | ENIG ring.003
00:02:41 | INFO: Blender create Mesh node V007 | plated through via.001
00:02:41 | INFO: Blender create Mesh node V008 | ENIG ring.002
00:02:41 | INFO: Blender create Mesh node V008 | ENIG ring.003
00:02:41 | INFO: Blender create Mesh node V008 | plated through via.001
00:02:41 | INFO: Blender create Mesh node V009 | ENIG ring.002
00:02:41 | INFO: Blender create Mesh node V009 | ENIG ring.003
00:02:41 | INFO: Blender create Mesh node V009 | plated through via.001
00:02:41 | INFO: Blender create Mesh node V010 | ENIG ring.002
00:02:41 | INFO: Blender create Mesh node V010 | ENIG ring.003
00:02:41 | INFO: Blender create Mesh node V010 | plated through via.001
00:02:41 | INFO: Blender create Mesh node V011 | ENIG ring.002
00:02:41 | INFO: Blender create Mesh node V011 | ENIG ring.003
00:02:41 | INFO: Blender create Mesh node V011 | plated through via.001
00:02:41 | INFO: Blender create Mesh node V012 | ENIG ring.002
00:02:41 | INFO: Blender create Mesh node V012 | ENIG ring.003
00:02:41 | INFO: Blender create Mesh node V012 | plated through via.001
00:02:41 | INFO: Blender create Mesh node V013 | ENIG ring.002
00:02:41 | INFO: Blender create Mesh node V013 | ENIG ring.003
00:02:41 | INFO: Blender create Mesh node V013 | plated through via.001
00:02:41 | INFO: Blender create Mesh node V014 | ENIG ring.002
00:02:41 | INFO: Blender create Mesh node V014 | ENIG ring.003
00:02:41 | INFO: Blender create Mesh node V014 | plated through via.001
00:02:41 | INFO: Blender create Mesh node V015 | ENIG ring.002
00:02:41 | INFO: Blender create Mesh node V015 | ENIG ring.003
00:02:41 | INFO: Blender create Mesh node V015 | plated through via.001
00:02:41 | INFO: Blender create Mesh node V016 | ENIG ring.002
00:02:41 | INFO: Blender create Mesh node V016 | ENIG ring.003
00:02:41 | INFO: Blender create Mesh node V016 | plated through via.001
00:02:41 | INFO: Blender create Mesh node V017 | ENIG ring.002
00:02:41 | INFO: Blender create Mesh node V017 | ENIG ring.003
00:02:41 | INFO: Blender create Mesh node V017 | plated through via.001
00:02:41 | INFO: Blender create Mesh node V018 | ENIG ring.002
00:02:41 | INFO: Blender create Mesh node V018 | ENIG ring.003
00:02:41 | INFO: Blender create Mesh node V018 | plated through via.001
00:02:41 | INFO: Blender create Mesh node V019 | ENIG ring.002
00:02:41 | INFO: Blender create Mesh node V019 | ENIG ring.003
00:02:41 | INFO: Blender create Mesh node V019 | plated through via.001
00:02:41 | INFO: Blender create Mesh node V020 | ENIG ring.002
00:02:41 | INFO: Blender create Mesh node V020 | ENIG ring.003
00:02:41 | INFO: Blender create Mesh node V020 | plated through via.001
00:02:41 | INFO: Blender create Mesh node V021 | ENIG ring.002
00:02:41 | INFO: Blender create Mesh node V021 | ENIG ring.003
00:02:41 | INFO: Blender create Mesh node V021 | plated through via.001
00:02:41 | INFO: Blender create Mesh node V022 | ENIG ring.002
00:02:41 | INFO: Blender create Mesh node V022 | ENIG ring.003
00:02:41 | INFO: Blender create Mesh node V022 | plated through via.001
00:02:41 | INFO: Blender create Mesh node V023 | ENIG ring.002
00:02:41 | INFO: Blender create Mesh node V023 | ENIG ring.003
00:02:41 | INFO: Blender create Mesh node V023 | plated through via.001
00:02:41 | INFO: Blender create Mesh node V024 | ENIG ring.002
00:02:41 | INFO: Blender create Mesh node V024 | ENIG ring.003
00:02:41 | INFO: Blender create Mesh node V024 | plated through via.001
00:02:41 | INFO: Blender create Mesh node V025 | ENIG ring.002
00:02:41 | INFO: Blender create Mesh node V025 | ENIG ring.003
00:02:41 | INFO: Blender create Mesh node V025 | plated through via.001
00:02:41 | INFO: Blender create Mesh node V026 | ENIG ring.002
00:02:41 | INFO: Blender create Mesh node V026 | ENIG ring.003
00:02:41 | INFO: Blender create Mesh node V026 | plated through via.001
00:02:41 | INFO: Blender create Mesh node V027 | ENIG ring.002
00:02:41 | INFO: Blender create Mesh node V027 | ENIG ring.003
00:02:41 | INFO: Blender create Mesh node V027 | plated through via.001
00:02:41 | INFO: Blender create Mesh node V028 | ENIG ring.002
00:02:41 | INFO: Blender create Mesh node V028 | ENIG ring.003
00:02:41 | INFO: Blender create Mesh node V028 | plated through via.001
00:02:41 | INFO: Blender create Mesh node V029 | ENIG ring.002
00:02:41 | INFO: Blender create Mesh node V029 | ENIG ring.003
00:02:41 | INFO: Blender create Mesh node V029 | plated through via.001
00:02:41 | INFO: Blender create Mesh node V030 | ENIG ring.002
00:02:41 | INFO: Blender create Mesh node V030 | ENIG ring.003
00:02:41 | INFO: Blender create Mesh node V030 | plated through via.001
00:02:41 | INFO: Blender create Mesh node V031 | ENIG ring.002
00:02:41 | INFO: Blender create Mesh node V031 | ENIG ring.003
00:02:41 | INFO: Blender create Mesh node V031 | plated through via.001
00:02:41 | INFO: Blender create Mesh node V032 | ENIG ring.002
00:02:41 | INFO: Blender create Mesh node V032 | ENIG ring.003
00:02:41 | INFO: Blender create Mesh node V032 | plated through via.001
00:02:41 | INFO: Blender create Mesh node V033 | ENIG ring.002
00:02:42 | INFO: Blender create Mesh node V033 | ENIG ring.003
00:02:42 | INFO: Blender create Mesh node V033 | plated through via.001
00:02:42 | INFO: Blender create Mesh node V034 | ENIG ring.002
00:02:42 | INFO: Blender create Mesh node V034 | ENIG ring.003
00:02:42 | INFO: Blender create Mesh node V034 | plated through via.001
00:02:42 | INFO: Blender create Mesh node V035 | ENIG ring.002
00:02:42 | INFO: Blender create Mesh node V035 | ENIG ring.003
00:02:42 | INFO: Blender create Mesh node V035 | plated through via.001
00:02:42 | INFO: Blender create Mesh node V036 | ENIG ring.002
00:02:42 | INFO: Blender create Mesh node V036 | ENIG ring.003
00:02:42 | INFO: Blender create Mesh node V036 | plated through via.001
00:02:42 | INFO: Blender create Mesh node V037 | ENIG ring.002
00:02:42 | INFO: Blender create Mesh node V037 | ENIG ring.003
00:02:42 | INFO: Blender create Mesh node V037 | plated through via.001
00:02:42 | INFO: Blender create Mesh node V038 | ENIG ring.002
00:02:42 | INFO: Blender create Mesh node V038 | ENIG ring.003
00:02:42 | INFO: Blender create Mesh node V038 | plated through via.001
00:02:42 | INFO: Blender create Mesh node V039 | ENIG ring.002
00:02:42 | INFO: Blender create Mesh node V039 | ENIG ring.003
00:02:42 | INFO: Blender create Mesh node V039 | plated through via.001
00:02:42 | INFO: Blender create Mesh node V040 | ENIG ring.002
00:02:42 | INFO: Blender create Mesh node V040 | ENIG ring.003
00:02:42 | INFO: Blender create Mesh node V040 | plated through via.001
00:02:42 | INFO: Blender create Mesh node V041 | ENIG ring.002
00:02:42 | INFO: Blender create Mesh node V041 | ENIG ring.003
00:02:42 | INFO: Blender create Mesh node V041 | plated through via.001
00:02:42 | INFO: Blender create Mesh node V042 | ENIG ring.002
00:02:42 | INFO: Blender create Mesh node V042 | ENIG ring.003
00:02:42 | INFO: Blender create Mesh node V042 | plated through via.001
00:02:42 | INFO: Blender create Mesh node V043 | ENIG ring.002
00:02:42 | INFO: Blender create Mesh node V043 | ENIG ring.003
00:02:42 | INFO: Blender create Mesh node V043 | plated through via.001
00:02:42 | INFO: Blender create Mesh node V044 | ENIG ring.002
00:02:42 | INFO: Blender create Mesh node V044 | ENIG ring.003
00:02:42 | INFO: Blender create Mesh node V044 | plated through via.001
00:02:42 | INFO: Blender create Mesh node Text 16MB FLASH / 8MB PSRAM
00:02:42 | INFO: Blender create Mesh node Text ESP32-S3-WROOM-1
00:02:42 | INFO: Blender create Mesh node Text ESPRESSIF
00:02:42 | INFO: Blender create Mesh node Text G-one  /  BLE
00:02:42 | INFO: Blender create Mesh node Text N16R8
00:02:42 | INFO: Blender create Mesh node Cube.849
00:02:42 | INFO: Blender create Mesh node Cube.852
00:02:42 | INFO: Blender create Mesh node Cube.874
00:02:42 | INFO: Blender create Mesh node Cube.876
00:02:42 | INFO: Blender create Mesh node Cube.878
00:02:42 | INFO: Blender create Mesh node Cube.880
00:02:42 | INFO: Blender create Mesh node Cube.882
00:02:42 | INFO: Blender create Mesh node Cube.884
00:02:42 | INFO: Blender create Mesh node Cube.886
00:02:42 | INFO: Blender create Mesh node Cube.888
00:02:42 | INFO: Blender create Mesh node Cube.890
00:02:42 | INFO: Blender create Mesh node Cube.892
00:02:42 | INFO: Blender create Mesh node Cube.894
00:02:42 | INFO: Blender create Mesh node Cube.896
00:02:42 | INFO: Blender create Mesh node Cube.193
00:02:42 | INFO: Blender create Mesh node Cube.195
00:02:42 | INFO: Blender create Mesh node Cube.380
00:02:42 | INFO: Blender create Mesh node Cube.382
00:02:42 | INFO: Blender create Mesh node Cube.384
00:02:42 | INFO: Blender create Mesh node Cube.386
00:02:42 | INFO: Blender create Mesh node Cube.388
00:02:42 | INFO: Blender create Mesh node Cube.390
00:02:42 | INFO: Blender create Mesh node Cube.392
00:02:43 | INFO: Blender create Mesh node Cube.394
00:02:43 | INFO: Blender create Mesh node Cube.396
00:02:43 | INFO: Blender create Mesh node Cube.835
00:02:43 | INFO: Blender create Mesh node Cube.837
00:02:43 | INFO: Blender create Mesh node Cube.839
00:02:43 | INFO: Blender create Mesh node Cube.910
00:02:43 | INFO: Blender create Mesh node Cube.911
00:02:43 | INFO: Blender create Mesh node Cube.912
00:02:43 | INFO: Blender create Mesh node Cube.913
00:02:43 | INFO: Blender create Mesh node Cube.914
00:02:43 | INFO: Blender create Mesh node Cube.915
00:02:43 | INFO: Blender create Mesh node Cube.916
00:02:43 | INFO: Blender create Mesh node Cube.917
00:02:43 | INFO: Blender create Mesh node Cube.918
00:02:43 | INFO: Blender create Mesh node Cube.919
00:02:43 | INFO: Blender create Mesh node Cube.920
00:02:43 | INFO: Blender create Mesh node Cube.921
00:02:43 | INFO: Blender create Mesh node Cube.922
00:02:43 | INFO: Blender create Mesh node Cube.923
00:02:43 | INFO: Blender create Mesh node Cube.924
00:02:43 | INFO: Blender create Mesh node Cube.925
00:02:43 | INFO: Blender create Mesh node Cube.926
00:02:43 | INFO: Blender create Mesh node Cube.927
00:02:43 | INFO: Blender create Mesh node Cube.928
00:02:43 | INFO: Blender create Mesh node Cube.929
00:02:43 | INFO: Blender create Mesh node Cube.930
00:02:43 | INFO: Blender create Mesh node Cube.931
00:02:43 | INFO: Blender create Mesh node Cube.932
00:02:43 | INFO: Blender create Mesh node Cube.933
00:02:43 | INFO: Blender create Mesh node Cube.934
00:02:43 | INFO: Blender create Mesh node Cube.935
00:02:43 | INFO: Blender create Mesh node Cube.936
00:02:43 | INFO: Blender create Mesh node Cube.937
00:02:43 | INFO: Blender create Mesh node Cube.938
00:02:43 | INFO: Blender create Mesh node Cube.939
00:02:43 | INFO: Blender create Mesh node Cube.940
00:02:43 | INFO: Blender create Mesh node Cube.941
00:02:43 | INFO: Blender create Mesh node Cube.942
00:02:43 | INFO: Blender create Mesh node Cube.943
00:02:43 | INFO: Blender create Mesh node Cube.944
00:02:43 | INFO: Blender create Mesh node Cube.945
00:02:43 | INFO: Blender create Mesh node Cube.946
00:02:43 | INFO: Blender create Mesh node Cube.947
00:02:43 | INFO: Blender create Mesh node Cube.948
00:02:43 | INFO: Blender create Mesh node Cube.949
00:02:43 | INFO: Blender create Mesh node Cube.950
00:02:43 | INFO: Blender create Mesh node Cube.951
00:02:43 | INFO: Blender create Mesh node Cube.952
00:02:43 | INFO: Blender create Mesh node Cube.953
00:02:43 | INFO: Blender create Mesh node Cube.954
00:02:43 | INFO: Blender create Mesh node Cube.955
00:02:43 | INFO: Blender create Mesh node Cube.956
00:02:43 | INFO: Blender create Mesh node Cube.191
00:02:43 | INFO: Blender create Mesh node Cube.192
00:02:43 | INFO: Blender create Mesh node Cube.850
00:02:43 | INFO: Blender create Mesh node Cube.873
00:02:43 | INFO: Blender create Mesh node Cube.875
00:02:43 | INFO: Blender create Mesh node Cube.877
00:02:43 | INFO: Blender create Mesh node Cube.879
00:02:43 | INFO: Blender create Mesh node Cube.881
00:02:43 | INFO: Blender create Mesh node Cube.883
00:02:43 | INFO: Blender create Mesh node Cube.885
00:02:43 | INFO: Blender create Mesh node Cube.887
00:02:43 | INFO: Blender create Mesh node Cube.889
00:02:43 | INFO: Blender create Mesh node Cube.891
00:02:43 | INFO: Blender create Mesh node Cube.893
00:02:43 | INFO: Blender create Mesh node Cube.895
00:02:43 | INFO: Blender create Mesh node Cube.897
00:02:43 | INFO: Blender create Mesh node Cube.194
00:02:43 | INFO: Blender create Mesh node Cube.196
00:02:43 | INFO: Blender create Mesh node Cube.381
00:02:43 | INFO: Blender create Mesh node Cube.383
00:02:43 | INFO: Blender create Mesh node Cube.385
00:02:43 | INFO: Blender create Mesh node Cube.387
00:02:43 | INFO: Blender create Mesh node Cube.389
00:02:43 | INFO: Blender create Mesh node Cube.391
00:02:43 | INFO: Blender create Mesh node Cube.393
00:02:43 | INFO: Blender create Mesh node Cube.395
00:02:43 | INFO: Blender create Mesh node Cube.653
00:02:43 | INFO: Blender create Mesh node Cube.836
00:02:43 | INFO: Blender create Mesh node Cube.838
00:02:43 | INFO: Blender create Mesh node Cube.840
00:02:43 | INFO: Blender create Mesh node Cube.898
00:02:43 | INFO: Blender create Mesh node Cube.899
00:02:43 | INFO: Blender create Mesh node Cube.900
00:02:43 | INFO: Blender create Mesh node Cube.901
00:02:43 | INFO: Blender create Mesh node Cube.902
00:02:43 | INFO: Blender create Mesh node Cube.903
00:02:43 | INFO: Blender create Mesh node Cube.904
00:02:43 | INFO: Blender create Mesh node Cube.905
00:02:43 | INFO: Blender create Mesh node Cube.906
00:02:43 | INFO: Blender create Mesh node Cube.907
00:02:43 | INFO: Blender create Mesh node Cube.908
00:02:43 | INFO: Blender create Mesh node Cube.909
00:02:43 | INFO: Blender create Mesh node U1 | visible antenna meander (illustrative)
00:02:43 | INFO: Blender create Mesh node Cube.982
00:02:43 | INFO: Blender create Mesh node Cube.984
00:02:43 | INFO: Blender create Mesh node Cube.986
00:02:43 | INFO: Blender create Mesh node Cube.983
00:02:43 | INFO: Blender create Mesh node Cube.985
00:02:43 | INFO: Blender create Mesh node Cube.987
00:02:43 | INFO: Blender create Mesh node Cube.989
00:02:43 | INFO: Blender create Mesh node Cube.991
00:02:43 | INFO: Blender create Mesh node Cube.988
00:02:43 | INFO: Blender create Mesh node Cube.990
00:02:43 | INFO: Blender create Mesh node Cube.992
00:02:43 | INFO: Blender create Mesh node Cube.994
00:02:43 | INFO: Blender create Mesh node Cube.996
00:02:43 | INFO: Blender create Mesh node Cube.993
00:02:43 | INFO: Blender create Mesh node Cube.995
00:02:43 | INFO: Blender create Mesh node Cube.997
00:02:43 | INFO: Blender create Mesh node Cube.999
00:02:43 | INFO: Blender create Mesh node Cube.1001
00:02:43 | INFO: Blender create Mesh node Cube.998
00:02:43 | INFO: Blender create Mesh node Cube.1000
00:02:43 | INFO: Blender create Mesh node Text IMU
00:02:43 | INFO: Blender create Mesh node Text MPU6050
00:02:43 | INFO: Blender create Mesh node Text U3
00:02:43 | INFO: Blender create Mesh node Cube.958
00:02:43 | INFO: Blender create Mesh node Cube.959
00:02:43 | INFO: Blender create Mesh node Cube.960
00:02:43 | INFO: Blender create Mesh node Cube.961
00:02:43 | INFO: Blender create Mesh node Cube.962
00:02:43 | INFO: Blender create Mesh node Cube.963
00:02:43 | INFO: Blender create Mesh node Cube.964
00:02:43 | INFO: Blender create Mesh node Cube.965
00:02:43 | INFO: Blender create Mesh node Cube.966
00:02:43 | INFO: Blender create Mesh node Cube.967
00:02:43 | INFO: Blender create Mesh node Cube.968
00:02:43 | INFO: Blender create Mesh node Cube.969
00:02:43 | INFO: Blender create Mesh node Cube.970
00:02:43 | INFO: Blender create Mesh node Cube.971
00:02:43 | INFO: Blender create Mesh node Cube.972
00:02:43 | INFO: Blender create Mesh node Cube.973
00:02:43 | INFO: Blender create Mesh node Cube.974
00:02:43 | INFO: Blender create Mesh node Cube.975
00:02:43 | INFO: Blender create Mesh node Cube.976
00:02:43 | INFO: Blender create Mesh node Cube.977
00:02:43 | INFO: Blender create Mesh node Cube.978
00:02:43 | INFO: Blender create Mesh node Cube.979
00:02:43 | INFO: Blender create Mesh node Cube.980
00:02:43 | INFO: Blender create Mesh node Cube.981
00:02:43 | INFO: Blender create Mesh node U3 | courtyard
00:02:43 | INFO: Blender create Mesh node Cube.957
00:02:43 | INFO: Blender create Mesh node Cylinder.014
00:02:43 | INFO: Blender create Mesh node Cube.1023
00:02:43 | INFO: Blender create Mesh node Cube.1024
00:02:43 | INFO: Blender create Mesh node Cube.1025
00:02:43 | INFO: Blender create Mesh node Cube.1026
00:02:43 | INFO: Blender create Mesh node Cube.1027
00:02:43 | INFO: Blender create Mesh node Cube.1028
00:02:43 | INFO: Blender create Mesh node Cube.1029
00:02:43 | INFO: Blender create Mesh node Cube.1030
00:02:43 | INFO: Blender create Mesh node Cube.1031
00:02:44 | INFO: Blender create Mesh node Cube.1004
00:02:44 | INFO: Blender create Mesh node Cube.1005
00:02:44 | INFO: Blender create Mesh node J4 | formed spring retainer
00:02:44 | INFO: Blender create Mesh node J4 | formed spring retainer.001
00:02:44 | INFO: Blender create Mesh node Cube.1002
00:02:44 | INFO: Blender create Mesh node Cube.1006
00:02:44 | INFO: Blender create Mesh node Cube.1008
00:02:44 | INFO: Blender create Mesh node Cube.1010
00:02:44 | INFO: Blender create Mesh node Cube.1012
00:02:44 | INFO: Blender create Mesh node Cube.1014
00:02:44 | INFO: Blender create Mesh node Cube.1016
00:02:44 | INFO: Blender create Mesh node Cube.1018
00:02:44 | INFO: Blender create Mesh node Cube.1020
00:02:44 | INFO: Blender create Mesh node Cube.1022
00:02:44 | INFO: Blender create Mesh node Cube.1007
00:02:44 | INFO: Blender create Mesh node Cube.1009
00:02:44 | INFO: Blender create Mesh node Cube.1011
00:02:44 | INFO: Blender create Mesh node Cube.1013
00:02:44 | INFO: Blender create Mesh node Cube.1015
00:02:44 | INFO: Blender create Mesh node Cube.1017
00:02:44 | INFO: Blender create Mesh node Cube.1019
00:02:44 | INFO: Blender create Mesh node Cube.1021
00:02:44 | INFO: Blender create Mesh node Cube.1003
00:02:44 | INFO: Blender create Mesh node Text J4
00:02:44 | INFO: Blender create Mesh node Text microSD
00:02:44 | INFO: Blender create Mesh node Text PUSH / LOCK
00:02:44 | INFO: Blender create Mesh node Cube.1148
00:02:44 | INFO: Blender create Mesh node Cube.1150
00:02:44 | INFO: Blender create Mesh node Cube.1152
00:02:44 | INFO: Blender create Mesh node Cube.1149
00:02:44 | INFO: Blender create Mesh node Cube.1151
00:02:44 | INFO: Blender create Mesh node Cube.1158
00:02:44 | INFO: Blender create Mesh node Cube.1160
00:02:44 | INFO: Blender create Mesh node Cube.1162
00:02:44 | INFO: Blender create Mesh node Cube.1159
00:02:44 | INFO: Blender create Mesh node Cube.1161
00:02:44 | INFO: Blender create Mesh node Cube.1173
00:02:44 | INFO: Blender create Mesh node Cube.1175
00:02:44 | INFO: Blender create Mesh node Cube.1177
00:02:44 | INFO: Blender create Mesh node Cube.1174
00:02:44 | INFO: Blender create Mesh node Cube.1176
00:02:44 | INFO: Blender create Mesh node Cube.1183
00:02:44 | INFO: Blender create Mesh node Cube.1185
00:02:44 | INFO: Blender create Mesh node Cube.1187
00:02:44 | INFO: Blender create Mesh node Cube.1184
00:02:44 | INFO: Blender create Mesh node Cube.1186
00:02:44 | INFO: Blender create Mesh node Cube.1193
00:02:44 | INFO: Blender create Mesh node Cube.1195
00:02:44 | INFO: Blender create Mesh node Cube.1197
00:02:44 | INFO: Blender create Mesh node Cube.1194
00:02:44 | INFO: Blender create Mesh node Cube.1196
00:02:44 | INFO: Blender create Mesh node Cube.1198
00:02:44 | INFO: Blender create Mesh node Cube.1200
00:02:44 | INFO: Blender create Mesh node Cube.1202
00:02:44 | INFO: Blender create Mesh node Cube.1199
00:02:44 | INFO: Blender create Mesh node Cube.1201
00:02:44 | INFO: Blender create Mesh node Cube.1208
00:02:44 | INFO: Blender create Mesh node Cube.1210
00:02:44 | INFO: Blender create Mesh node Cube.1212
00:02:44 | INFO: Blender create Mesh node Cube.1203
00:02:44 | INFO: Blender create Mesh node Cube.1206
00:02:44 | INFO: Blender create Mesh node Cube.1204
00:02:44 | INFO: Blender create Mesh node Cube.1205
00:02:44 | INFO: Blender create Mesh node Cube.1207
00:02:44 | INFO: Blender create Mesh node Cube.1209
00:02:44 | INFO: Blender create Mesh node Cube.1211
00:02:44 | INFO: Blender create Mesh node Cube.1213
00:02:44 | INFO: Blender create Mesh node Text EMG / ANALOG
00:02:44 | INFO: Blender create Mesh node Text INA333
00:02:44 | INFO: Blender create Mesh node Text J3
00:02:44 | INFO: Blender create Mesh node Text OPAMP
00:02:44 | INFO: Blender create Mesh node Text OPAMP.001
00:02:44 | INFO: Blender create Mesh node Text U5
00:02:44 | INFO: Blender create Mesh node Text U6
00:02:44 | INFO: Blender create Mesh node Text U7
00:02:44 | INFO: Blender create Mesh node Cube.1143
00:02:44 | INFO: Blender create Mesh node Cube.1145
00:02:44 | INFO: Blender create Mesh node Cube.1147
00:02:44 | INFO: Blender create Mesh node Cube.1144
00:02:44 | INFO: Blender create Mesh node Cube.1146
00:02:44 | INFO: Blender create Mesh node Cube.1153
00:02:44 | INFO: Blender create Mesh node Cube.1155
00:02:44 | INFO: Blender create Mesh node Cube.1157
00:02:44 | INFO: Blender create Mesh node Cube.1154
00:02:44 | INFO: Blender create Mesh node Cube.1156
00:02:44 | INFO: Blender create Mesh node Cube.1163
00:02:44 | INFO: Blender create Mesh node Cube.1165
00:02:44 | INFO: Blender create Mesh node Cube.1167
00:02:44 | INFO: Blender create Mesh node Cube.1164
00:02:44 | INFO: Blender create Mesh node Cube.1166
00:02:44 | INFO: Blender create Mesh node Cube.1168
00:02:44 | INFO: Blender create Mesh node Cube.1170
00:02:44 | INFO: Blender create Mesh node Cube.1172
00:02:44 | INFO: Blender create Mesh node Cube.1169
00:02:44 | INFO: Blender create Mesh node Cube.1171
00:02:44 | INFO: Blender create Mesh node Cube.1178
00:02:44 | INFO: Blender create Mesh node Cube.1180
00:02:44 | INFO: Blender create Mesh node Cube.1182
00:02:44 | INFO: Blender create Mesh node Cube.1179
00:02:44 | INFO: Blender create Mesh node Cube.1181
00:02:44 | INFO: Blender create Mesh node Cube.1188
00:02:44 | INFO: Blender create Mesh node Cube.1190
00:02:44 | INFO: Blender create Mesh node Cube.1192
00:02:44 | INFO: Blender create Mesh node Cube.1189
00:02:44 | INFO: Blender create Mesh node Cube.1191
00:02:44 | INFO: Blender create Mesh node Cube.1032
00:02:44 | INFO: Blender create Mesh node Cube.1034
00:02:44 | INFO: Blender create Mesh node Cube.1037
00:02:44 | INFO: Blender create Mesh node Cube.1040
00:02:44 | INFO: Blender create Mesh node Cube.1043
00:02:44 | INFO: Blender create Mesh node Cube.1046
00:02:44 | INFO: Blender create Mesh node Cube.1049
00:02:44 | INFO: Blender create Mesh node Cube.1052
00:02:44 | INFO: Blender create Mesh node Cube.1055
00:02:44 | INFO: Blender create Mesh node Cube.1033
00:02:44 | INFO: Blender create Mesh node Cube.1036
00:02:44 | INFO: Blender create Mesh node Cube.1039
00:02:44 | INFO: Blender create Mesh node Cube.1042
00:02:44 | INFO: Blender create Mesh node Cube.1045
00:02:44 | INFO: Blender create Mesh node Cube.1048
00:02:44 | INFO: Blender create Mesh node Cube.1051
00:02:44 | INFO: Blender create Mesh node Cube.1054
00:02:44 | INFO: Blender create Mesh node Cylinder.015
00:02:44 | INFO: Blender create Mesh node Cube.1035
00:02:44 | INFO: Blender create Mesh node Cube.1038
00:02:45 | INFO: Blender create Mesh node Cube.1041
00:02:45 | INFO: Blender create Mesh node Cube.1044
00:02:45 | INFO: Blender create Mesh node Cube.1047
00:02:45 | INFO: Blender create Mesh node Cube.1050
00:02:45 | INFO: Blender create Mesh node Cube.1053
00:02:45 | INFO: Blender create Mesh node Cube.1056
00:02:45 | INFO: Blender create Mesh node Cube.1059
00:02:45 | INFO: Blender create Mesh node Cube.1062
00:02:45 | INFO: Blender create Mesh node Cube.1065
00:02:45 | INFO: Blender create Mesh node Cube.1068
00:02:45 | INFO: Blender create Mesh node Cube.1071
00:02:45 | INFO: Blender create Mesh node Cube.1074
00:02:45 | INFO: Blender create Mesh node Cube.1077
00:02:45 | INFO: Blender create Mesh node Cube.1080
00:02:45 | INFO: Blender create Mesh node Cube.1083
00:02:45 | INFO: Blender create Mesh node Cube.1086
00:02:45 | INFO: Blender create Mesh node Cube.1089
00:02:45 | INFO: Blender create Mesh node Cube.1092
00:02:45 | INFO: Blender create Mesh node Cube.1095
00:02:45 | INFO: Blender create Mesh node Cube.1098
00:02:45 | INFO: Blender create Mesh node Cube.1058
00:02:45 | INFO: Blender create Mesh node Cube.1061
00:02:45 | INFO: Blender create Mesh node Cube.1064
00:02:45 | INFO: Blender create Mesh node Cube.1067
00:02:45 | INFO: Blender create Mesh node Cube.1070
00:02:45 | INFO: Blender create Mesh node Cube.1073
00:02:45 | INFO: Blender create Mesh node Cube.1076
00:02:45 | INFO: Blender create Mesh node Cube.1079
00:02:45 | INFO: Blender create Mesh node Cube.1082
00:02:45 | INFO: Blender create Mesh node Cube.1085
00:02:45 | INFO: Blender create Mesh node Cube.1088
00:02:45 | INFO: Blender create Mesh node Cube.1091
00:02:45 | INFO: Blender create Mesh node Cube.1094
00:02:45 | INFO: Blender create Mesh node Cube.1097
00:02:45 | INFO: Blender create Mesh node Cube.1057
00:02:45 | INFO: Blender create Mesh node Cylinder.016
00:02:45 | INFO: Blender create Mesh node Cube.1060
00:02:45 | INFO: Blender create Mesh node Cube.1063
00:02:45 | INFO: Blender create Mesh node Cube.1066
00:02:45 | INFO: Blender create Mesh node Cube.1069
00:02:45 | INFO: Blender create Mesh node Cube.1072
00:02:45 | INFO: Blender create Mesh node Cube.1075
00:02:45 | INFO: Blender create Mesh node Cube.1078
00:02:45 | INFO: Blender create Mesh node Cube.1081
00:02:45 | INFO: Blender create Mesh node Cube.1084
00:02:45 | INFO: Blender create Mesh node Cube.1087
00:02:45 | INFO: Blender create Mesh node Cube.1090
00:02:45 | INFO: Blender create Mesh node Cube.1093
00:02:45 | INFO: Blender create Mesh node Cube.1096
00:02:45 | INFO: Blender create Mesh node Cube.1099
00:02:45 | INFO: Blender create Mesh node Cube.1102
00:02:45 | INFO: Blender create Mesh node Cube.1105
00:02:45 | INFO: Blender create Mesh node Cube.1108
00:02:45 | INFO: Blender create Mesh node Cube.1111
00:02:45 | INFO: Blender create Mesh node Cube.1114
00:02:45 | INFO: Blender create Mesh node Cube.1117
00:02:45 | INFO: Blender create Mesh node Cube.1120
00:02:45 | INFO: Blender create Mesh node Cube.1123
00:02:45 | INFO: Blender create Mesh node Cube.1126
00:02:45 | INFO: Blender create Mesh node Cube.1129
00:02:45 | INFO: Blender create Mesh node Cube.1132
00:02:45 | INFO: Blender create Mesh node Cube.1135
00:02:45 | INFO: Blender create Mesh node Cube.1138
00:02:45 | INFO: Blender create Mesh node Cube.1141
00:02:45 | INFO: Blender create Mesh node Cube.1101
00:02:45 | INFO: Blender create Mesh node Cube.1104
00:02:45 | INFO: Blender create Mesh node Cube.1107
00:02:45 | INFO: Blender create Mesh node Cube.1110
00:02:45 | INFO: Blender create Mesh node Cube.1113
00:02:45 | INFO: Blender create Mesh node Cube.1116
00:02:45 | INFO: Blender create Mesh node Cube.1119
00:02:45 | INFO: Blender create Mesh node Cube.1122
00:02:45 | INFO: Blender create Mesh node Cube.1125
00:02:45 | INFO: Blender create Mesh node Cube.1128
00:02:45 | INFO: Blender create Mesh node Cube.1131
00:02:45 | INFO: Blender create Mesh node Cube.1134
00:02:45 | INFO: Blender create Mesh node Cube.1137
00:02:45 | INFO: Blender create Mesh node Cube.1140
00:02:45 | INFO: Blender create Mesh node Cube.1100
00:02:45 | INFO: Blender create Mesh node Cylinder.017
00:02:45 | INFO: Blender create Mesh node Cube.1103
00:02:45 | INFO: Blender create Mesh node Cube.1106
00:02:45 | INFO: Blender create Mesh node Cube.1109
00:02:45 | INFO: Blender create Mesh node Cube.1112
00:02:45 | INFO: Blender create Mesh node Cube.1115
00:02:45 | INFO: Blender create Mesh node Cube.1118
00:02:45 | INFO: Blender create Mesh node Cube.1121
00:02:45 | INFO: Blender create Mesh node Cube.1124
00:02:45 | INFO: Blender create Mesh node Cube.1127
00:02:45 | INFO: Blender create Mesh node Cube.1130
00:02:45 | INFO: Blender create Mesh node Cube.1133
00:02:45 | INFO: Blender create Mesh node Cube.1136
00:02:45 | INFO: Blender create Mesh node Cube.1139
00:02:45 | INFO: Blender create Mesh node Cube.1142
00:02:45 | INFO: Blender create Mesh node Cube.1272
00:02:45 | INFO: Blender create Mesh node Cube.1274
00:02:45 | INFO: Blender create Mesh node Cube.1276
00:02:45 | INFO: Blender create Mesh node Cube.1273
00:02:45 | INFO: Blender create Mesh node Cube.1275
00:02:45 | INFO: Blender create Mesh node Cube.1277
00:02:45 | INFO: Blender create Mesh node Cube.1279
00:02:46 | INFO: Blender create Mesh node Cube.1281
00:02:46 | INFO: Blender create Mesh node Cube.1278
00:02:46 | INFO: Blender create Mesh node Cube.1280
00:02:46 | INFO: Blender create Mesh node Cube.1282
00:02:46 | INFO: Blender create Mesh node Cube.1284
00:02:46 | INFO: Blender create Mesh node Cube.1286
00:02:46 | INFO: Blender create Mesh node Cube.1283
00:02:46 | INFO: Blender create Mesh node Cube.1285
00:02:46 | INFO: Blender create Mesh node Cube.1287
00:02:46 | INFO: Blender create Mesh node Cube.1289
00:02:46 | INFO: Blender create Mesh node Cube.1291
00:02:46 | INFO: Blender create Mesh node Cube.1288
00:02:46 | INFO: Blender create Mesh node Cube.1290
00:02:46 | INFO: Blender create Mesh node Cube.1292
00:02:46 | INFO: Blender create Mesh node Cube.1294
00:02:46 | INFO: Blender create Mesh node Cube.1296
00:02:46 | INFO: Blender create Mesh node Cube.1293
00:02:46 | INFO: Blender create Mesh node Cube.1295
00:02:46 | INFO: Blender create Mesh node Cube.1297
00:02:46 | INFO: Blender create Mesh node Cube.1299
00:02:46 | INFO: Blender create Mesh node Cube.1301
00:02:46 | INFO: Blender create Mesh node Cube.1298
00:02:46 | INFO: Blender create Mesh node Cube.1300
00:02:46 | INFO: Blender create Mesh node Cube.1302
00:02:46 | INFO: Blender create Mesh node Cube.1304
00:02:46 | INFO: Blender create Mesh node Cube.1306
00:02:46 | INFO: Blender create Mesh node Cube.1303
00:02:46 | INFO: Blender create Mesh node Cube.1305
00:02:46 | INFO: Blender create Mesh node Cube.1307
00:02:46 | INFO: Blender create Mesh node Cube.1309
00:02:46 | INFO: Blender create Mesh node Cube.1311
00:02:46 | INFO: Blender create Mesh node Cube.1308
00:02:46 | INFO: Blender create Mesh node Cube.1310
00:02:46 | INFO: Blender create Mesh node Cube.1312
00:02:46 | INFO: Blender create Mesh node Cube.1314
00:02:46 | INFO: Blender create Mesh node Cube.1316
00:02:46 | INFO: Blender create Mesh node Cube.1313
00:02:46 | INFO: Blender create Mesh node Cube.1315
00:02:46 | INFO: Blender create Mesh node Cube.1317
00:02:46 | INFO: Blender create Mesh node Cube.1319
00:02:46 | INFO: Blender create Mesh node Cube.1321
00:02:46 | INFO: Blender create Mesh node Cube.1318
00:02:46 | INFO: Blender create Mesh node Cube.1320
00:02:46 | INFO: Blender create Mesh node Cube.1322
00:02:46 | INFO: Blender create Mesh node Cube.1324
00:02:46 | INFO: Blender create Mesh node Cube.1326
00:02:46 | INFO: Blender create Mesh node Cube.1323
00:02:46 | INFO: Blender create Mesh node Cube.1325
00:02:46 | INFO: Blender create Mesh node Cube.1327
00:02:46 | INFO: Blender create Mesh node Cube.1329
00:02:46 | INFO: Blender create Mesh node Cube.1331
00:02:46 | INFO: Blender create Mesh node Cube.1328
00:02:46 | INFO: Blender create Mesh node Cube.1330
00:02:46 | INFO: Blender create Mesh node Cube.1332
00:02:46 | INFO: Blender create Mesh node Cube.1334
00:02:46 | INFO: Blender create Mesh node Cube.1336
00:02:46 | INFO: Blender create Mesh node Cube.1333
00:02:46 | INFO: Blender create Mesh node Cube.1335
00:02:46 | INFO: Blender create Mesh node Cube.1342
00:02:46 | INFO: Blender create Mesh node Cube.1344
00:02:46 | INFO: Blender create Mesh node Cube.1346
00:02:46 | INFO: Blender create Mesh node Cube.1337
00:02:46 | INFO: Blender create Mesh node Cube.1340
00:02:46 | INFO: Blender create Mesh node Cube.1338
00:02:46 | INFO: Blender create Mesh node Cube.1339
00:02:46 | INFO: Blender create Mesh node Cube.1341
00:02:46 | INFO: Blender create Mesh node Cube.1343
00:02:46 | INFO: Blender create Mesh node Cube.1345
00:02:46 | INFO: Blender create Mesh node Cube.1347
00:02:46 | INFO: Blender create Mesh node Cube.1230
00:02:46 | INFO: Blender create Mesh node Cube.1232
00:02:46 | INFO: Blender create Mesh node Cube.1233
00:02:46 | INFO: Blender create Mesh node Cube.1231
00:02:46 | INFO: Blender create Mesh node Text 1V8
00:02:46 | INFO: Blender create Mesh node Text 2R2
00:02:46 | INFO: Blender create Mesh node Text 3V3 BUCK / BOOST
00:02:46 | INFO: Blender create Mesh node Text AFE LDO
00:02:46 | INFO: Blender create Mesh node Text BAT / NTC
00:02:46 | INFO: Blender create Mesh node Text CHARGE
00:02:46 | INFO: Blender create Mesh node Text DW01A
00:02:46 | INFO: Blender create Mesh node Text FS8205A
00:02:46 | INFO: Blender create Mesh node Text PROTECT
00:02:46 | INFO: Blender create Mesh node Text Q1
00:02:46 | INFO: Blender create Mesh node Text TP4056
00:02:46 | INFO: Blender create Mesh node Text TPS63070
00:02:46 | INFO: Blender create Mesh node Text U8
00:02:46 | INFO: Blender create Mesh node Text U9
00:02:46 | INFO: Blender create Mesh node Text U10
00:02:46 | INFO: Blender create Mesh node Text U11
00:02:46 | INFO: Blender create Mesh node Text U12
00:02:46 | INFO: Blender create Mesh node Q1 | formed lead 1_0
00:02:46 | INFO: Blender create Mesh node Q1 | formed lead 1_1
00:02:46 | INFO: Blender create Mesh node Q1 | formed lead 1_2
00:02:46 | INFO: Blender create Mesh node Q1 | formed lead 1_3
00:02:46 | INFO: Blender create Mesh node Q1 | formed lead -1_0
00:02:46 | INFO: Blender create Mesh node Q1 | formed lead -1_1
00:02:46 | INFO: Blender create Mesh node Q1 | formed lead -1_2
00:02:46 | INFO: Blender create Mesh node Q1 | formed lead -1_3
00:02:46 | INFO: Blender create Mesh node Cube.1384
00:02:46 | INFO: Blender create Mesh node Cube.1386
00:02:46 | INFO: Blender create Mesh node Cube.1388
00:02:46 | INFO: Blender create Mesh node Cube.1390
00:02:46 | INFO: Blender create Mesh node Cube.1392
00:02:46 | INFO: Blender create Mesh node Cube.1394
00:02:46 | INFO: Blender create Mesh node Cube.1396
00:02:46 | INFO: Blender create Mesh node Cube.1398
00:02:46 | INFO: Blender create Mesh node Cube.1400
00:02:46 | INFO: Blender create Mesh node Cylinder.023
00:02:46 | INFO: Blender create Mesh node Cube.1385
00:02:46 | INFO: Blender create Mesh node Cube.1387
00:02:46 | INFO: Blender create Mesh node Cube.1389
00:02:46 | INFO: Blender create Mesh node Cube.1391
00:02:46 | INFO: Blender create Mesh node Cube.1393
00:02:46 | INFO: Blender create Mesh node Cube.1395
00:02:46 | INFO: Blender create Mesh node Cube.1397
00:02:46 | INFO: Blender create Mesh node Cube.1399
00:02:46 | INFO: Blender create Mesh node U8 | formed lead 1_0
00:02:46 | INFO: Blender create Mesh node U8 | formed lead 1_1
00:02:46 | INFO: Blender create Mesh node U8 | formed lead 1_2
00:02:46 | INFO: Blender create Mesh node U8 | formed lead 1_3
00:02:46 | INFO: Blender create Mesh node U8 | formed lead -1_0
00:02:46 | INFO: Blender create Mesh node U8 | formed lead -1_1
00:02:46 | INFO: Blender create Mesh node U8 | formed lead -1_2
00:02:46 | INFO: Blender create Mesh node U8 | formed lead -1_3
00:02:46 | INFO: Blender create Mesh node Cube.1350
00:02:46 | INFO: Blender create Mesh node Cube.1352
00:02:46 | INFO: Blender create Mesh node Cube.1354
00:02:46 | INFO: Blender create Mesh node Cube.1356
00:02:46 | INFO: Blender create Mesh node Cube.1358
00:02:46 | INFO: Blender create Mesh node Cube.1360
00:02:46 | INFO: Blender create Mesh node Cube.1362
00:02:46 | INFO: Blender create Mesh node Cube.1364
00:02:46 | INFO: Blender create Mesh node Cylinder.021
00:02:46 | INFO: Blender create Mesh node Cube.1349
00:02:46 | INFO: Blender create Mesh node Cube.1351
00:02:46 | INFO: Blender create Mesh node Cube.1353
00:02:46 | INFO: Blender create Mesh node Cube.1355
00:02:46 | INFO: Blender create Mesh node Cube.1357
00:02:46 | INFO: Blender create Mesh node Cube.1359
00:02:46 | INFO: Blender create Mesh node Cube.1361
00:02:46 | INFO: Blender create Mesh node Cube.1363
00:02:46 | INFO: Blender create Mesh node Cube.1348
00:02:46 | INFO: Blender create Mesh node Cube.1215
00:02:46 | INFO: Blender create Mesh node Cube.1216
00:02:46 | INFO: Blender create Mesh node Cube.1217
00:02:46 | INFO: Blender create Mesh node Cube.1218
00:02:46 | INFO: Blender create Mesh node Cube.1219
00:02:46 | INFO: Blender create Mesh node Cube.1220
00:02:46 | INFO: Blender create Mesh node Cube.1221
00:02:46 | INFO: Blender create Mesh node Cube.1222
00:02:47 | INFO: Blender create Mesh node Cube.1223
00:02:47 | INFO: Blender create Mesh node Cube.1224
00:02:47 | INFO: Blender create Mesh node Cube.1225
00:02:47 | INFO: Blender create Mesh node Cube.1226
00:02:47 | INFO: Blender create Mesh node Cube.1227
00:02:47 | INFO: Blender create Mesh node Cube.1228
00:02:47 | INFO: Blender create Mesh node Cube.1229
00:02:47 | INFO: Blender create Mesh node Cylinder.018
00:02:47 | INFO: Blender create Mesh node Cube.1214
00:02:47 | INFO: Blender create Mesh node Cube.1234
00:02:47 | INFO: Blender create Mesh node Cube.1236
00:02:47 | INFO: Blender create Mesh node Cube.1239
00:02:47 | INFO: Blender create Mesh node Cube.1242
00:02:47 | INFO: Blender create Mesh node Cube.1245
00:02:47 | INFO: Blender create Mesh node Cube.1248
00:02:47 | INFO: Blender create Mesh node Cube.1251
00:02:47 | INFO: Blender create Mesh node Cube.1235
00:02:47 | INFO: Blender create Mesh node Cube.1238
00:02:47 | INFO: Blender create Mesh node Cube.1241
00:02:47 | INFO: Blender create Mesh node Cube.1244
00:02:47 | INFO: Blender create Mesh node Cube.1247
00:02:47 | INFO: Blender create Mesh node Cube.1250
00:02:47 | INFO: Blender create Mesh node Cylinder.019
00:02:47 | INFO: Blender create Mesh node Cube.1237
00:02:47 | INFO: Blender create Mesh node Cube.1240
00:02:47 | INFO: Blender create Mesh node Cube.1243
00:02:47 | INFO: Blender create Mesh node Cube.1246
00:02:47 | INFO: Blender create Mesh node Cube.1249
00:02:47 | INFO: Blender create Mesh node Cube.1252
00:02:47 | INFO: Blender create Mesh node Cube.1253
00:02:47 | INFO: Blender create Mesh node Cube.1255
00:02:47 | INFO: Blender create Mesh node Cube.1258
00:02:47 | INFO: Blender create Mesh node Cube.1261
00:02:47 | INFO: Blender create Mesh node Cube.1264
00:02:47 | INFO: Blender create Mesh node Cube.1267
00:02:47 | INFO: Blender create Mesh node Cube.1270
00:02:47 | INFO: Blender create Mesh node Cube.1254
00:02:47 | INFO: Blender create Mesh node Cube.1257
00:02:47 | INFO: Blender create Mesh node Cube.1260
00:02:47 | INFO: Blender create Mesh node Cube.1263
00:02:47 | INFO: Blender create Mesh node Cube.1266
00:02:47 | INFO: Blender create Mesh node Cube.1269
00:02:47 | INFO: Blender create Mesh node Cylinder.020
00:02:47 | INFO: Blender create Mesh node Cube.1256
00:02:47 | INFO: Blender create Mesh node Cube.1259
00:02:47 | INFO: Blender create Mesh node Cube.1262
00:02:47 | INFO: Blender create Mesh node Cube.1265
00:02:47 | INFO: Blender create Mesh node Cube.1268
00:02:47 | INFO: Blender create Mesh node Cube.1271
00:02:47 | INFO: Blender create Mesh node Cube.1365
00:02:47 | INFO: Blender create Mesh node Cube.1367
00:02:47 | INFO: Blender create Mesh node Cube.1370
00:02:47 | INFO: Blender create Mesh node Cube.1373
00:02:47 | INFO: Blender create Mesh node Cube.1376
00:02:47 | INFO: Blender create Mesh node Cube.1379
00:02:47 | INFO: Blender create Mesh node Cube.1382
00:02:47 | INFO: Blender create Mesh node Cube.1366
00:02:47 | INFO: Blender create Mesh node Cube.1369
00:02:47 | INFO: Blender create Mesh node Cube.1372
00:02:47 | INFO: Blender create Mesh node Cube.1375
00:02:47 | INFO: Blender create Mesh node Cube.1378
00:02:47 | INFO: Blender create Mesh node Cube.1381
00:02:47 | INFO: Blender create Mesh node Cylinder.022
00:02:47 | INFO: Blender create Mesh node Cube.1368
00:02:47 | INFO: Blender create Mesh node Cube.1371
00:02:47 | INFO: Blender create Mesh node Cube.1374
00:02:47 | INFO: Blender create Mesh node Cube.1377
00:02:47 | INFO: Blender create Mesh node Cube.1380
00:02:47 | INFO: Blender create Mesh node Cube.1383
00:02:47 | INFO: Blender create Mesh node Cube.1447
00:02:47 | INFO: Blender create Mesh node Cube.1449
00:02:47 | INFO: Blender create Mesh node Cube.1450
00:02:47 | INFO: Blender create Mesh node Cube.1448
00:02:47 | INFO: Blender create Mesh node J1 | folded shell seam
00:02:48 | INFO: Blender create Mesh node J1 | inner retention spring
00:02:48 | INFO: Blender create Mesh node J1 | inner retention spring.001
00:02:48 | INFO: Blender create Mesh node Cube.1402
00:02:48 | INFO: Blender create Mesh node Cube.1451
00:02:48 | INFO: Blender create Mesh node Cube.1452
00:02:48 | INFO: Blender create Mesh node Cube.1453
00:02:48 | INFO: Blender create Mesh node Cube.1454
00:02:48 | INFO: Blender create Mesh node Cube.1427
00:02:48 | INFO: Blender create Mesh node Cube.1428
00:02:48 | INFO: Blender create Mesh node Cube.1429
00:02:48 | INFO: Blender create Mesh node Cube.1430
00:02:48 | INFO: Blender create Mesh node Cube.1403
00:02:48 | INFO: Blender create Mesh node Cube.1404
00:02:48 | INFO: Blender create Mesh node Cube.1405
00:02:48 | INFO: Blender create Mesh node Cube.1406
00:02:48 | INFO: Blender create Mesh node Cube.1407
00:02:48 | INFO: Blender create Mesh node Cube.1408
00:02:48 | INFO: Blender create Mesh node Cube.1409
00:02:48 | INFO: Blender create Mesh node Cube.1410
00:02:48 | INFO: Blender create Mesh node Cube.1411
00:02:48 | INFO: Blender create Mesh node Cube.1412
00:02:48 | INFO: Blender create Mesh node Cube.1413
00:02:48 | INFO: Blender create Mesh node Cube.1414
00:02:48 | INFO: Blender create Mesh node Cube.1415
00:02:48 | INFO: Blender create Mesh node Cube.1416
00:02:48 | INFO: Blender create Mesh node Cube.1417
00:02:48 | INFO: Blender create Mesh node Cube.1418
00:02:48 | INFO: Blender create Mesh node Cube.1419
00:02:48 | INFO: Blender create Mesh node Cube.1420
00:02:48 | INFO: Blender create Mesh node Cube.1421
00:02:48 | INFO: Blender create Mesh node Cube.1422
00:02:48 | INFO: Blender create Mesh node Cube.1423
00:02:48 | INFO: Blender create Mesh node Cube.1424
00:02:48 | INFO: Blender create Mesh node Cube.1425
00:02:48 | INFO: Blender create Mesh node Cube.1426
00:02:48 | INFO: Blender create Mesh node Cube.1401
00:02:48 | INFO: Blender create Mesh node Text 3V3
00:02:48 | INFO: Blender create Mesh node Text BOOT
00:02:48 | INFO: Blender create Mesh node Text CHG
00:02:48 | INFO: Blender create Mesh node Text GND
00:02:48 | INFO: Blender create Mesh node Text IO0
00:02:48 | INFO: Blender create Mesh node Text PWR
00:02:48 | INFO: Blender create Mesh node Text RST
00:02:48 | INFO: Blender create Mesh node Text RX
00:02:48 | INFO: Blender create Mesh node Text TX
00:02:48 | INFO: Blender create Mesh node Text USB-C
00:02:48 | INFO: Blender create Mesh node Cube.1443
00:02:48 | INFO: Blender create Mesh node Cube.1445
00:02:48 | INFO: Blender create Mesh node Cube.1446
00:02:48 | INFO: Blender create Mesh node Cube.1444
00:02:48 | INFO: Blender create Mesh node Cylinder.024
00:02:48 | INFO: Blender create Mesh node Cube.1433
00:02:48 | INFO: Blender create Mesh node Cube.1434
00:02:48 | INFO: Blender create Mesh node Cube.1435
00:02:48 | INFO: Blender create Mesh node Cube.1436
00:02:48 | INFO: Blender create Mesh node Cube.1432
00:02:48 | INFO: Blender create Mesh node Cube.1431
00:02:48 | INFO: Blender create Mesh node Cylinder.025
00:02:48 | INFO: Blender create Mesh node Cube.1439
00:02:48 | INFO: Blender create Mesh node Cube.1440
00:02:48 | INFO: Blender create Mesh node Cube.1441
00:02:48 | INFO: Blender create Mesh node Cube.1442
00:02:48 | INFO: Blender create Mesh node Cube.1438
00:02:48 | INFO: Blender create Mesh node Cube.1437
00:02:48 | INFO: Blender create Mesh node Cylinder.026
00:02:48 | INFO: Blender create Mesh node Cylinder.027
00:02:48 | INFO: Blender create Mesh node Cylinder.028
00:02:48 | INFO: Blender create Mesh node Cylinder.029
00:02:48 | INFO: Blender create Mesh node Cylinder.030
00:02:48 | INFO: Blender create Mesh node Cube.1476
00:02:48 | INFO: Blender create Mesh node Cube.1478
00:02:48 | INFO: Blender create Mesh node Cube.1480
00:02:48 | INFO: Blender create Mesh node Cube.1477
00:02:48 | INFO: Blender create Mesh node Cube.1479
00:02:48 | INFO: Blender create Mesh node Cube.1481
00:02:48 | INFO: Blender create Mesh node Cube.1483
00:02:48 | INFO: Blender create Mesh node Cube.1485
00:02:48 | INFO: Blender create Mesh node Cube.1482
00:02:48 | INFO: Blender create Mesh node Cube.1484
00:02:48 | INFO: Blender create Mesh node Cube.1486
00:02:48 | INFO: Blender create Mesh node Cube.1488
00:02:48 | INFO: Blender create Mesh node Cube.1490
00:02:48 | INFO: Blender create Mesh node Cube.1487
00:02:48 | INFO: Blender create Mesh node Cube.1489
00:02:48 | INFO: Blender create Mesh node Cube.1491
00:02:48 | INFO: Blender create Mesh node Cube.1493
00:02:48 | INFO: Blender create Mesh node Cube.1495
00:02:48 | INFO: Blender create Mesh node Cube.1492
00:02:48 | INFO: Blender create Mesh node Cube.1494
00:02:48 | INFO: Blender create Mesh node Text OPTICAL / SKIN
00:02:48 | INFO: Blender create Mesh node Text U2 / MAX30102
00:02:48 | INFO: Blender create Mesh node Cube.1457
00:02:48 | INFO: Blender create Mesh node Cube.1459
00:02:48 | INFO: Blender create Mesh node Cube.1458
00:02:48 | INFO: Blender create Mesh node Cube.1460
00:02:48 | INFO: Blender create Mesh node Cube.1462
00:02:48 | INFO: Blender create Mesh node Cube.1463
00:02:48 | INFO: Blender create Mesh node Cube.1464
00:02:48 | INFO: Blender create Mesh node Cube.1465
00:02:48 | INFO: Blender create Mesh node Cube.1466
00:02:48 | INFO: Blender create Mesh node Cube.1467
00:02:48 | INFO: Blender create Mesh node Cube.1468
00:02:48 | INFO: Blender create Mesh node Cube.1469
00:02:48 | INFO: Blender create Mesh node Cube.1470
00:02:48 | INFO: Blender create Mesh node Cube.1471
00:02:48 | INFO: Blender create Mesh node Cube.1472
00:02:48 | INFO: Blender create Mesh node Cube.1473
00:02:48 | INFO: Blender create Mesh node Cube.1474
00:02:48 | INFO: Blender create Mesh node Cube.1475
00:02:48 | INFO: Blender create Mesh node Cube.1455
00:02:48 | INFO: Blender create Mesh node Cube.1456
00:02:48 | INFO: Blender create Mesh node Cube.1461
00:02:48 | INFO: Blender create Mesh node Text DS18B20
00:02:48 | INFO: Blender create Mesh node Text SKIN TEMP
00:02:48 | INFO: Blender create Mesh node Text U4
00:02:48 | INFO: Blender create Mesh node Cube.1521
00:02:48 | INFO: Blender create Mesh node Cube.1523
00:02:48 | INFO: Blender create Mesh node Cube.1525
00:02:48 | INFO: Blender create Mesh node Cube.1522
00:02:48 | INFO: Blender create Mesh node Cube.1524
00:02:48 | INFO: Blender create Mesh node Cube.1496
00:02:48 | INFO: Blender create Mesh node Cube.1498
00:02:48 | INFO: Blender create Mesh node Cube.1501
00:02:48 | INFO: Blender create Mesh node Cube.1504
00:02:48 | INFO: Blender create Mesh node Cube.1507
00:02:48 | INFO: Blender create Mesh node Cube.1510
00:02:48 | INFO: Blender create Mesh node Cube.1513
00:02:48 | INFO: Blender create Mesh node Cube.1516
00:02:48 | INFO: Blender create Mesh node Cube.1519
00:02:48 | INFO: Blender create Mesh node Cube.1497
00:02:48 | INFO: Blender create Mesh node Cube.1500
00:02:48 | INFO: Blender create Mesh node Cube.1503
00:02:48 | INFO: Blender create Mesh node Cube.1506
00:02:48 | INFO: Blender create Mesh node Cube.1509
00:02:48 | INFO: Blender create Mesh node Cube.1512
00:02:48 | INFO: Blender create Mesh node Cube.1515
00:02:48 | INFO: Blender create Mesh node Cube.1518
00:02:48 | INFO: Blender create Mesh node Cylinder.031
00:02:48 | INFO: Blender create Mesh node Cube.1499
00:02:48 | INFO: Blender create Mesh node Cube.1502
00:02:48 | INFO: Blender create Mesh node Cube.1505
00:02:48 | INFO: Blender create Mesh node Cube.1508
00:02:48 | INFO: Blender create Mesh node Cube.1511
00:02:48 | INFO: Blender create Mesh node Cube.1514
00:02:48 | INFO: Blender create Mesh node Cube.1517
00:02:48 | INFO: Blender create Mesh node Cube.1520
00:02:48 | INFO: Blender create Mesh node Bottom visual route 0
00:02:48 | INFO: Blender create Mesh node Bottom visual route 1
00:02:48 | INFO: Blender create Mesh node Bottom visual route 2
00:02:48 | INFO: Blender create Mesh node Bottom visual route 3
00:02:48 | INFO: Blender create Mesh node Cylinder.032
00:02:49 | INFO: Blender create Mesh node Cylinder.033
00:02:49 | INFO: Blender create Mesh node Cylinder.034
00:02:49 | INFO: Blender create Mesh node Text 3D ASSEMBLY CONCEPT
00:02:49 | INFO: Blender create Mesh node Text G1
00:02:49 | INFO: Blender create Mesh node Text G1.001
00:02:49 | INFO: Blender create Mesh node Text G-ONE WEARABLE
00:02:49 | INFO: Blender create Mesh node Text REV A
00:02:49 | INFO: Blender create Mesh node Text REV A  /  64 x 44 mm
00:02:49 | INFO: Blender create Mesh node Visual power corridor | illustrative
00:02:49 | INFO: Blender create Mesh node Visual routing 1.0 | NOT a netlist
00:02:49 | INFO: Blender create Mesh node Visual routing 1.1 | NOT a netlist
00:02:49 | INFO: Blender create Mesh node Visual routing 2.0 | NOT a netlist
00:02:49 | INFO: Blender create Mesh node Visual routing 2.1 | NOT a netlist
00:02:49 | INFO: Blender create Mesh node Visual routing 3.0 | NOT a netlist
00:02:49 | INFO: Blender create Mesh node Visual routing 3.1 | NOT a netlist
00:02:49 | INFO: Blender create Mesh node Visual routing 4.0 | NOT a netlist
00:02:49 | INFO: Blender create Mesh node Visual routing 4.1 | NOT a netlist
00:02:49 | INFO: Blender create Mesh node Visual routing 5.0 | NOT a netlist
00:02:49 | INFO: Blender create Mesh node Visual routing 6.0 | NOT a netlist
00:02:49 | INFO: Blender create Mesh node Visual routing 7.0 | NOT a netlist
00:02:49 | INFO: Blender create Mesh node Visual routing 8.0 | NOT a netlist
00:02:49 | INFO: Blender create Mesh node Visual routing 9.0 | NOT a netlist
00:02:49 | INFO: Blender create Mesh node Visual routing 11.0 | NOT a netlist
00:02:49 | INFO: Blender create Mesh node Visual routing 12.0 | NOT a netlist
00:02:49 | INFO: Blender create Mesh node Visual routing 13.0 | NOT a netlist
00:02:49 | INFO: Blender create Mesh node Cube.1526
00:02:49 | INFO: Blender create Mesh node Cube.1527
00:02:49 | INFO: Blender create Mesh node Cube.1532
00:02:49 | INFO: Blender create Mesh node Cube.1533
00:02:49 | INFO: Blender create Mesh node Cube.1534
00:02:49 | INFO: Blender create Mesh node Cube.1535
00:02:49 | INFO: Blender create Mesh node Cube.1536
00:02:49 | INFO: Blender create Mesh node Cube.1537
00:02:49 | INFO: Blender create Mesh node Cube.1528
00:02:49 | INFO: Blender create Mesh node Cube.1529
00:02:49 | INFO: Blender create Mesh node Cube.1530
00:02:50 | INFO: Blender create Mesh node Cube.1531
00:02:50 | INFO: Blender create Mesh node Cube.1538
00:02:50 | INFO: Blender create Mesh node Cube.1539
00:02:50 | INFO: Blender create Mesh node Cube.1540
00:02:50 | INFO: Blender create Mesh node Cube.1541
00:02:50 | INFO: Blender create Mesh node Cube.1542
00:02:50 | INFO: Blender create Mesh node Cube.1543
00:02:50 | INFO: Blender create Mesh node Cube.1544
00:02:50 | INFO: Blender create Mesh node Cube.1545
00:02:50 | INFO: Blender create Mesh node Cube.1546
00:02:50 | INFO: Blender create Mesh node Cube.1547
00:02:50 | INFO: Blender create Mesh node Cube.1548
00:02:50 | INFO: Blender create Mesh node Cube.1549
00:02:50 | INFO: Blender create Mesh node Cube.1550
00:02:50 | INFO: Blender create Mesh node Cube.1551
00:02:50 | INFO: Blender create Mesh node Cube.1552
00:02:50 | INFO: Blender create Mesh node Cube.1553
00:02:50 | INFO: Blender create Mesh node Cube.1554
00:02:50 | INFO: Blender create Mesh node Cube.1555
00:02:50 | INFO: Blender create Mesh node Cube.1556
00:02:50 | INFO: Blender create Mesh node Cube.1557
00:02:50 | INFO: Blender create Mesh node Cube.1564
00:02:50 | INFO: Blender create Mesh node Cube.1565
00:02:50 | INFO: Blender create Mesh node Cube.1566
00:02:50 | INFO: Blender create Mesh node Cube.1567
00:02:50 | INFO: Blender create Mesh node Cube.1568
00:02:50 | INFO: Blender create Mesh node Cube.1569
00:02:50 | INFO: Blender create Mesh node Cube.1570
00:02:50 | INFO: Blender create Mesh node Cube.1571
00:02:50 | INFO: Blender create Mesh node Cube.1572
00:02:50 | INFO: Blender create Mesh node Cube.1573
00:02:50 | INFO: Blender create Mesh node Cube.1574
00:02:50 | INFO: Blender create Mesh node Cube.1575
00:02:50 | INFO: Blender create Mesh node Cube.1576
00:02:50 | INFO: Blender create Mesh node Cube.1577
00:02:50 | INFO: Blender create Mesh node Cube.1578
00:02:50 | INFO: Blender create Mesh node Cube.1579
00:02:50 | INFO: Blender create Mesh node Cube.1558
00:02:50 | INFO: Blender create Mesh node Cube.1559
00:02:50 | INFO: Blender create Mesh node Cube.1560
00:02:50 | INFO: Blender create Mesh node Cube.1561
00:02:50 | INFO: Blender create Mesh node Cube.1562
00:02:50 | INFO: Blender create Mesh node Cube.1563
00:02:50 | INFO: Blender create Mesh node Cube.1580
00:02:50 | INFO: Blender create Mesh node Cube.1581
00:02:50 | INFO: Blender create Mesh node Cube.1582
00:02:50 | INFO: Blender create Mesh node Cube.1583
00:02:50 | INFO: Blender create Mesh node Cube.1584
00:02:50 | INFO: Blender create Mesh node Cube.1585
00:02:50 | INFO: Blender create Mesh node Cube.1586
00:02:50 | INFO: Blender create Mesh node Cube.1587
00:02:50 | INFO: Blender create Mesh node Cube.1588
00:02:50 | INFO: Blender create Mesh node Cube.1589
00:02:50 | INFO: Blender create Mesh node Cube.1590
00:02:50 | INFO: Blender create Mesh node Cube.1591
00:02:50 | INFO: Blender create Mesh node Cube.1592
00:02:50 | INFO: Blender create Mesh node Cube.1593
00:02:50 | INFO: Blender create Mesh node Cube.1594
00:02:50 | INFO: Blender create Mesh node Cube.1595
00:02:50 | INFO: Blender create Mesh node Cube.1596
00:02:50 | INFO: Blender create Mesh node Cube.1597
00:02:50 | INFO: Blender create Mesh node Cube.1598
00:02:50 | INFO: Blender create Mesh node Cube.1599
00:02:50 | INFO: Blender create Mesh node Cube.1600
00:02:50 | INFO: Blender create Mesh node Cube.1601
00:02:50 | INFO: Blender create Mesh node Cube.1614
00:02:50 | INFO: Blender create Mesh node Cube.1615
00:02:50 | INFO: Blender create Mesh node Cube.1616
00:02:50 | INFO: Blender create Mesh node Cube.1617
00:02:50 | INFO: Blender create Mesh node Cube.1618
00:02:50 | INFO: Blender create Mesh node Cube.1619
00:02:50 | INFO: Blender create Mesh node Cube.1620
00:02:50 | INFO: Blender create Mesh node Cube.1621
00:02:50 | INFO: Blender create Mesh node Cube.1622
00:02:50 | INFO: Blender create Mesh node Cube.1623
00:02:50 | INFO: Blender create Mesh node Cube.1624
00:02:50 | INFO: Blender create Mesh node Cube.1625
00:02:50 | INFO: Blender create Mesh node Cube.1626
00:02:50 | INFO: Blender create Mesh node Cube.1627
00:02:50 | INFO: Blender create Mesh node Cube.1628
00:02:50 | INFO: Blender create Mesh node Cube.1629
00:02:50 | INFO: Blender create Mesh node Cube.1630
00:02:50 | INFO: Blender create Mesh node Cube.1631
00:02:50 | INFO: Blender create Mesh node Cube.1632
00:02:50 | INFO: Blender create Mesh node Cube.1633
00:02:50 | INFO: Blender create Mesh node Cube.1634
00:02:50 | INFO: Blender create Mesh node Cube.1635
00:02:50 | INFO: Blender create Mesh node Cube.1636
00:02:50 | INFO: Blender create Mesh node Cube.1637
00:02:50 | INFO: Blender create Mesh node Cube.1638
00:02:50 | INFO: Blender create Mesh node Cube.1639
00:02:50 | INFO: Blender create Mesh node Cube.1640
00:02:50 | INFO: Blender create Mesh node Cube.1641
00:02:50 | INFO: Blender create Mesh node Cube.1642
00:02:50 | INFO: Blender create Mesh node Cube.1643
00:02:50 | INFO: Blender create Mesh node Cube.1644
00:02:50 | INFO: Blender create Mesh node Cube.1645
00:02:50 | INFO: Blender create Mesh node Cube.1646
00:02:50 | INFO: Blender create Mesh node Cube.1647
00:02:50 | INFO: Blender create Mesh node Cube.1648
00:02:50 | INFO: Blender create Mesh node Cube.1649
00:02:50 | INFO: Blender create Mesh node Cube.1650
00:02:50 | INFO: Blender create Mesh node Cube.1651
00:02:50 | INFO: Blender create Mesh node Cube.1652
00:02:50 | INFO: Blender create Mesh node Cube.1653
00:02:50 | INFO: Blender create Mesh node Cube.1654
00:02:50 | INFO: Blender create Mesh node Cube.1655
00:02:50 | INFO: Blender create Mesh node Cube.1656
00:02:50 | INFO: Blender create Mesh node Cube.1657
00:02:50 | INFO: Blender create Mesh node Cube.1602
00:02:50 | INFO: Blender create Mesh node Cube.1603
00:02:50 | INFO: Blender create Mesh node Cube.1604
00:02:50 | INFO: Blender create Mesh node Cube.1605
00:02:50 | INFO: Blender create Mesh node Cube.1606
00:02:50 | INFO: Blender create Mesh node Cube.1607
00:02:50 | INFO: Blender create Mesh node Cube.1608
00:02:50 | INFO: Blender create Mesh node Cube.1609
00:02:50 | INFO: Blender create Mesh node Cube.1610
00:02:50 | INFO: Blender create Mesh node Cube.1611
00:02:50 | INFO: Blender create Mesh node Cube.1612
00:02:50 | INFO: Blender create Mesh node Cube.1613
00:02:50 | INFO: Blender create Mesh node Text 1
00:02:50 | INFO: Blender create Mesh node Text 1.001
00:02:50 | INFO: Blender create Mesh node Text 1.002
00:02:50 | INFO: Blender create Mesh node Text 1.003
00:02:50 | INFO: Blender create Mesh node Text 1.004
00:02:50 | INFO: Blender create Mesh node Text C1
00:02:50 | INFO: Blender create Mesh node Text C2
00:02:50 | INFO: Blender create Mesh node Text C3
00:02:50 | INFO: Blender create Mesh node Text C4
00:02:50 | INFO: Blender create Mesh node Text C5
00:02:50 | INFO: Blender create Mesh node Text C6
00:02:50 | INFO: Blender create Mesh node Text C7
00:02:50 | INFO: Blender create Mesh node Text C8
00:02:50 | INFO: Blender create Mesh node Text C9
00:02:50 | INFO: Blender create Mesh node Text C10
00:02:50 | INFO: Blender create Mesh node Text C11
00:02:50 | INFO: Blender create Mesh node Text C12
00:02:50 | INFO: Blender create Mesh node Cube.1660
00:02:50 | INFO: Blender create Mesh node Cube.1661
00:02:50 | INFO: Blender create Mesh node Cube.1662
00:02:50 | INFO: Blender create Mesh node Cube.1663
00:02:50 | INFO: Blender create Mesh node Cube.1658
00:02:50 | INFO: Blender create Mesh node Cube.1659
00:02:50 | INFO: Blender create Mesh node Cylinder.035
00:02:50 | INFO: Blender create Mesh node Cylinder.036
00:02:50 | INFO: Blender create Mesh node Cylinder.037
00:02:50 | INFO: Blender create Mesh node Cylinder.038
00:02:50 | INFO: Blender create Mesh node M2 | driver slot
00:02:50 | INFO: Blender create Mesh node M2 | driver slot.001
00:02:51 | INFO: Blender create Mesh node M2 | driver slot.002
00:02:51 | INFO: Blender create Mesh node M2 | driver slot.003
00:02:51 | INFO: Blender create Mesh node M2 | insulating foot.004
00:02:51 | INFO: Blender create Mesh node M2 | insulating foot.005
00:02:51 | INFO: Blender create Mesh node M2 | insulating foot.006
00:02:51 | INFO: Blender create Mesh node M2 | insulating foot.007
00:02:51 | INFO: Blender create Mesh node M2 | threaded spacer.004
00:02:51 | INFO: Blender create Mesh node M2 | threaded spacer.005
00:02:51 | INFO: Blender create Mesh node M2 | threaded spacer.006
00:02:51 | INFO: Blender create Mesh node M2 | threaded spacer.007
00:02:51 | INFO: Blender create Mesh node Cube.1669
00:02:51 | INFO: Blender create Mesh node Cube.1667
00:02:51 | INFO: Blender create Mesh node Cube.1668
00:02:51 | INFO: Blender create Mesh node Cube.1671
00:02:51 | INFO: Blender create Mesh node Cube.1672
00:02:51 | INFO: Blender create Mesh node Cube.1673
00:02:51 | INFO: Blender create Mesh node Cube.1664
00:02:51 | INFO: Blender create Mesh node Cube.1665
00:02:51 | INFO: Blender create Mesh node Cube.1666
00:02:51 | INFO: Blender create Mesh node Cube.1670
00:02:51 | INFO: Blender create Mesh node Text 1S  /  Li-ion  /  3.7 V
00:02:51 | INFO: Blender create Mesh node Text +
00:02:51 | INFO: Blender create Mesh node Text -
00:02:51 | INFO: Blender create Mesh node Text CELL SPECIFICATION TO VERIFY
00:02:51 | INFO: Blender create Mesh node Text G-one
00:02:51 | INFO: Blender create Mesh node Text RECHARGEABLE
00:02:51 | INFO: Blender create Mesh node Cube.1676
00:02:51 | INFO: Blender create Mesh node Cube.1677
00:02:51 | INFO: Blender create Mesh node Cube.1678
00:02:51 | INFO: Blender create Mesh node Cube.1675
00:02:51 | INFO: Blender create Mesh node Cube.1674
00:02:51 | INFO: Blender create Mesh node Cylinder.039
00:02:51 | INFO: Blender create Mesh node Cylinder.040
00:02:51 | INFO: Blender create Mesh node Cylinder.041
00:02:51 | INFO: Blender create Mesh node W1 | BAT+ battery harness
00:02:51 | INFO: Blender create Mesh node W2 | BAT- battery harness
00:02:51 | INFO: Blender create Mesh node W3 | NTC battery harness
00:02:51 | INFO: glTF import finished in 10.07s
EXPORT_VALIDATED {"file": "G-one-PCB.glb", "bytes": 15862116, "meshes": 1157, "triangles": 324162, "materials": 24, "bounds_metres": [[-0.02200000174343586, -0.034727543592453, -0.002243500202894211], [0.025801533833146095, 0.03800000250339508, 0.011079501360654831]], "board_dimensions_metres": [0.04400000348687172, 0.06400000303983688, 0.0010000000474974513], "roundtrip_max_error_metres": 0.0, "source_sha256": "3e51bedac9ad29e2ff86ded4a9039b26c30eafacaeabf3c8c885bfebd4d668ce", "source_unchanged": true, "self_contained": true, "material_note": "Portable PBR colors, metallic and roughness; procedural micro-bump omitted."}
00:24.625  blend            | Read blend: "D:\Endeavors\Coding\Projects\G(one) -\G(one) - APP\hardware\gone-pcb-3d\G-one-PCB-before-enhancement.blend"
D:\Endeavors\Coding\Projects\G(one) -\G(one) - APP\hardware\gone-pcb-3d\export_glb.py:72: DeprecationWarning: 'Material.use_nodes' is expected to be removed in Blender 6.0
  p = next((n for n in m.node_tree.nodes if n.type == 'BSDF_PRINCIPLED'), None) if m.use_nodes else None
D:\Endeavors\Coding\Projects\G(one) -\G(one) - APP\hardware\gone-pcb-3d\export_glb.py:76: DeprecationWarning: 'Material.use_nodes' is expected to be removed in Blender 6.0
  m.use_nodes = True
00:02:54 | INFO: Starting glTF 2.0 export
00:02:54 | INFO: Extracting primitive: H1 | annular land.002
00:02:54 | INFO: Primitives created: 1
00:02:54 | INFO: Extracting primitive: H1 | annular land.003
00:02:54 | INFO: Primitives created: 1
00:02:54 | INFO: Extracting primitive: H1 | barrel.001
00:02:54 | INFO: Primitives created: 1
00:02:54 | INFO: Extracting primitive: H2 | annular land.002
00:02:54 | INFO: Primitives created: 1
00:02:54 | INFO: Extracting primitive: H2 | annular land.003
00:02:54 | INFO: Primitives created: 1
00:02:54 | INFO: Extracting primitive: H2 | barrel.001
00:02:54 | INFO: Primitives created: 1
00:02:54 | INFO: Extracting primitive: H3 | annular land.002
00:02:54 | INFO: Primitives created: 1
00:02:54 | INFO: Extracting primitive: H3 | annular land.003
00:02:54 | INFO: Primitives created: 1
00:02:54 | INFO: Extracting primitive: H3 | barrel.001
00:02:54 | INFO: Primitives created: 1
00:02:54 | INFO: Extracting primitive: H4 | annular land.002
00:02:54 | INFO: Primitives created: 1
00:02:54 | INFO: Extracting primitive: H4 | annular land.003
00:02:54 | INFO: Primitives created: 1
00:02:54 | INFO: Extracting primitive: H4 | barrel.001
00:02:54 | INFO: Primitives created: 1
00:02:54 | INFO: Extracting primitive: H5 | annular land.002
00:02:54 | INFO: Primitives created: 1
00:02:54 | INFO: Extracting primitive: H5 | annular land.003
00:02:54 | INFO: Primitives created: 1
00:02:54 | INFO: Extracting primitive: H5 | barrel.001
00:02:54 | INFO: Primitives created: 1
00:02:54 | INFO: Extracting primitive: H6 | annular land.002
00:02:54 | INFO: Primitives created: 1
00:02:54 | INFO: Extracting primitive: H6 | annular land.003
00:02:54 | INFO: Primitives created: 1
00:02:54 | INFO: Extracting primitive: H6 | barrel.001
00:02:54 | INFO: Primitives created: 1
00:02:54 | INFO: Extracting primitive: PCB | 44 x 64 x 1.00 mm.001
00:02:54 | INFO: Primitives created: 1
00:02:54 | INFO: Extracting primitive: V001 | ENIG ring.002
00:02:54 | INFO: Primitives created: 1
00:02:54 | INFO: Extracting primitive: V001 | ENIG ring.003
00:02:54 | INFO: Primitives created: 1
00:02:54 | INFO: Extracting primitive: V001 | plated through via.001
00:02:54 | INFO: Primitives created: 1
00:02:54 | INFO: Extracting primitive: V002 | ENIG ring.002
00:02:54 | INFO: Primitives created: 1
00:02:54 | INFO: Extracting primitive: V002 | ENIG ring.003
00:02:54 | INFO: Primitives created: 1
00:02:54 | INFO: Extracting primitive: V002 | plated through via.001
00:02:54 | INFO: Primitives created: 1
00:02:54 | INFO: Extracting primitive: V003 | ENIG ring.002
00:02:54 | INFO: Primitives created: 1
00:02:54 | INFO: Extracting primitive: V003 | ENIG ring.003
00:02:54 | INFO: Primitives created: 1
00:02:54 | INFO: Extracting primitive: V003 | plated through via.001
00:02:54 | INFO: Primitives created: 1
00:02:54 | INFO: Extracting primitive: V004 | ENIG ring.002
00:02:54 | INFO: Primitives created: 1
00:02:54 | INFO: Extracting primitive: V004 | ENIG ring.003
00:02:54 | INFO: Primitives created: 1
00:02:54 | INFO: Extracting primitive: V004 | plated through via.001
00:02:54 | INFO: Primitives created: 1
00:02:54 | INFO: Extracting primitive: V005 | ENIG ring.002
00:02:54 | INFO: Primitives created: 1
00:02:54 | INFO: Extracting primitive: V005 | ENIG ring.003
00:02:54 | INFO: Primitives created: 1
00:02:54 | INFO: Extracting primitive: V005 | plated through via.001
00:02:54 | INFO: Primitives created: 1
00:02:54 | INFO: Extracting primitive: V006 | ENIG ring.002
00:02:54 | INFO: Primitives created: 1
00:02:54 | INFO: Extracting primitive: V006 | ENIG ring.003
00:02:54 | INFO: Primitives created: 1
00:02:54 | INFO: Extracting primitive: V006 | plated through via.001
00:02:54 | INFO: Primitives created: 1
00:02:54 | INFO: Extracting primitive: V007 | ENIG ring.002
00:02:54 | INFO: Primitives created: 1
00:02:54 | INFO: Extracting primitive: V007 | ENIG ring.003
00:02:54 | INFO: Primitives created: 1
00:02:54 | INFO: Extracting primitive: V007 | plated through via.001
00:02:54 | INFO: Primitives created: 1
00:02:54 | INFO: Extracting primitive: V008 | ENIG ring.002
00:02:54 | INFO: Primitives created: 1
00:02:54 | INFO: Extracting primitive: V008 | ENIG ring.003
00:02:54 | INFO: Primitives created: 1
00:02:54 | INFO: Extracting primitive: V008 | plated through via.001
00:02:54 | INFO: Primitives created: 1
00:02:54 | INFO: Extracting primitive: V009 | ENIG ring.002
00:02:54 | INFO: Primitives created: 1
00:02:54 | INFO: Extracting primitive: V009 | ENIG ring.003
00:02:54 | INFO: Primitives created: 1
00:02:54 | INFO: Extracting primitive: V009 | plated through via.001
00:02:54 | INFO: Primitives created: 1
00:02:54 | INFO: Extracting primitive: V010 | ENIG ring.002
00:02:54 | INFO: Primitives created: 1
00:02:54 | INFO: Extracting primitive: V010 | ENIG ring.003
00:02:54 | INFO: Primitives created: 1
00:02:54 | INFO: Extracting primitive: V010 | plated through via.001
00:02:54 | INFO: Primitives created: 1
00:02:54 | INFO: Extracting primitive: V011 | ENIG ring.002
00:02:54 | INFO: Primitives created: 1
00:02:54 | INFO: Extracting primitive: V011 | ENIG ring.003
00:02:54 | INFO: Primitives created: 1
00:02:54 | INFO: Extracting primitive: V011 | plated through via.001
00:02:54 | INFO: Primitives created: 1
00:02:54 | INFO: Extracting primitive: V012 | ENIG ring.002
00:02:54 | INFO: Primitives created: 1
00:02:54 | INFO: Extracting primitive: V012 | ENIG ring.003
00:02:54 | INFO: Primitives created: 1
00:02:54 | INFO: Extracting primitive: V012 | plated through via.001
00:02:54 | INFO: Primitives created: 1
00:02:54 | INFO: Extracting primitive: V013 | ENIG ring.002
00:02:54 | INFO: Primitives created: 1
00:02:54 | INFO: Extracting primitive: V013 | ENIG ring.003
00:02:54 | INFO: Primitives created: 1
00:02:54 | INFO: Extracting primitive: V013 | plated through via.001
00:02:54 | INFO: Primitives created: 1
00:02:54 | INFO: Extracting primitive: V014 | ENIG ring.002
00:02:54 | INFO: Primitives created: 1
00:02:54 | INFO: Extracting primitive: V014 | ENIG ring.003
00:02:54 | INFO: Primitives created: 1
00:02:54 | INFO: Extracting primitive: V014 | plated through via.001
00:02:54 | INFO: Primitives created: 1
00:02:54 | INFO: Extracting primitive: V015 | ENIG ring.002
00:02:54 | INFO: Primitives created: 1
00:02:54 | INFO: Extracting primitive: V015 | ENIG ring.003
00:02:54 | INFO: Primitives created: 1
00:02:54 | INFO: Extracting primitive: V015 | plated through via.001
00:02:54 | INFO: Primitives created: 1
00:02:54 | INFO: Extracting primitive: V016 | ENIG ring.002
00:02:54 | INFO: Primitives created: 1
00:02:54 | INFO: Extracting primitive: V016 | ENIG ring.003
00:02:54 | INFO: Primitives created: 1
00:02:54 | INFO: Extracting primitive: V016 | plated through via.001
00:02:54 | INFO: Primitives created: 1
00:02:54 | INFO: Extracting primitive: V017 | ENIG ring.002
00:02:54 | INFO: Primitives created: 1
00:02:54 | INFO: Extracting primitive: V017 | ENIG ring.003
00:02:54 | INFO: Primitives created: 1
00:02:54 | INFO: Extracting primitive: V017 | plated through via.001
00:02:54 | INFO: Primitives created: 1
00:02:54 | INFO: Extracting primitive: V018 | ENIG ring.002
00:02:54 | INFO: Primitives created: 1
00:02:54 | INFO: Extracting primitive: V018 | ENIG ring.003
00:02:54 | INFO: Primitives created: 1
00:02:54 | INFO: Extracting primitive: V018 | plated through via.001
00:02:54 | INFO: Primitives created: 1
00:02:54 | INFO: Extracting primitive: V019 | ENIG ring.002
00:02:54 | INFO: Primitives created: 1
00:02:54 | INFO: Extracting primitive: V019 | ENIG ring.003
00:02:54 | INFO: Primitives created: 1
00:02:54 | INFO: Extracting primitive: V019 | plated through via.001
00:02:54 | INFO: Primitives created: 1
00:02:54 | INFO: Extracting primitive: V020 | ENIG ring.002
00:02:54 | INFO: Primitives created: 1
00:02:54 | INFO: Extracting primitive: V020 | ENIG ring.003
00:02:54 | INFO: Primitives created: 1
00:02:54 | INFO: Extracting primitive: V020 | plated through via.001
00:02:54 | INFO: Primitives created: 1
00:02:54 | INFO: Extracting primitive: V021 | ENIG ring.002
00:02:54 | INFO: Primitives created: 1
00:02:54 | INFO: Extracting primitive: V021 | ENIG ring.003
00:02:54 | INFO: Primitives created: 1
00:02:54 | INFO: Extracting primitive: V021 | plated through via.001
00:02:54 | INFO: Primitives created: 1
00:02:54 | INFO: Extracting primitive: V022 | ENIG ring.002
00:02:54 | INFO: Primitives created: 1
00:02:54 | INFO: Extracting primitive: V022 | ENIG ring.003
00:02:54 | INFO: Primitives created: 1
00:02:54 | INFO: Extracting primitive: V022 | plated through via.001
00:02:54 | INFO: Primitives created: 1
00:02:54 | INFO: Extracting primitive: V023 | ENIG ring.002
00:02:54 | INFO: Primitives created: 1
00:02:54 | INFO: Extracting primitive: V023 | ENIG ring.003
00:02:54 | INFO: Primitives created: 1
00:02:54 | INFO: Extracting primitive: V023 | plated through via.001
00:02:54 | INFO: Primitives created: 1
00:02:54 | INFO: Extracting primitive: V024 | ENIG ring.002
00:02:54 | INFO: Primitives created: 1
00:02:54 | INFO: Extracting primitive: V024 | ENIG ring.003
00:02:54 | INFO: Primitives created: 1
00:02:54 | INFO: Extracting primitive: V024 | plated through via.001
00:02:54 | INFO: Primitives created: 1
00:02:54 | INFO: Extracting primitive: V025 | ENIG ring.002
00:02:54 | INFO: Primitives created: 1
00:02:54 | INFO: Extracting primitive: V025 | ENIG ring.003
00:02:54 | INFO: Primitives created: 1
00:02:54 | INFO: Extracting primitive: V025 | plated through via.001
00:02:54 | INFO: Primitives created: 1
00:02:54 | INFO: Extracting primitive: V026 | ENIG ring.002
00:02:54 | INFO: Primitives created: 1
00:02:54 | INFO: Extracting primitive: V026 | ENIG ring.003
00:02:54 | INFO: Primitives created: 1
00:02:54 | INFO: Extracting primitive: V026 | plated through via.001
00:02:54 | INFO: Primitives created: 1
00:02:54 | INFO: Extracting primitive: V027 | ENIG ring.002
00:02:54 | INFO: Primitives created: 1
00:02:54 | INFO: Extracting primitive: V027 | ENIG ring.003
00:02:54 | INFO: Primitives created: 1
00:02:54 | INFO: Extracting primitive: V027 | plated through via.001
00:02:54 | INFO: Primitives created: 1
00:02:54 | INFO: Extracting primitive: V028 | ENIG ring.002
00:02:54 | INFO: Primitives created: 1
00:02:54 | INFO: Extracting primitive: V028 | ENIG ring.003
00:02:54 | INFO: Primitives created: 1
00:02:54 | INFO: Extracting primitive: V028 | plated through via.001
00:02:54 | INFO: Primitives created: 1
00:02:54 | INFO: Extracting primitive: V029 | ENIG ring.002
00:02:54 | INFO: Primitives created: 1
00:02:54 | INFO: Extracting primitive: V029 | ENIG ring.003
00:02:54 | INFO: Primitives created: 1
00:02:54 | INFO: Extracting primitive: V029 | plated through via.001
00:02:54 | INFO: Primitives created: 1
00:02:54 | INFO: Extracting primitive: V030 | ENIG ring.002
00:02:54 | INFO: Primitives created: 1
00:02:54 | INFO: Extracting primitive: V030 | ENIG ring.003
00:02:54 | INFO: Primitives created: 1
00:02:54 | INFO: Extracting primitive: V030 | plated through via.001
00:02:54 | INFO: Primitives created: 1
00:02:54 | INFO: Extracting primitive: V031 | ENIG ring.002
00:02:54 | INFO: Primitives created: 1
00:02:54 | INFO: Extracting primitive: V031 | ENIG ring.003
00:02:54 | INFO: Primitives created: 1
00:02:54 | INFO: Extracting primitive: V031 | plated through via.001
00:02:54 | INFO: Primitives created: 1
00:02:54 | INFO: Extracting primitive: V032 | ENIG ring.002
00:02:54 | INFO: Primitives created: 1
00:02:54 | INFO: Extracting primitive: V032 | ENIG ring.003
00:02:54 | INFO: Primitives created: 1
00:02:54 | INFO: Extracting primitive: V032 | plated through via.001
00:02:54 | INFO: Primitives created: 1
00:02:54 | INFO: Extracting primitive: V033 | ENIG ring.002
00:02:54 | INFO: Primitives created: 1
00:02:54 | INFO: Extracting primitive: V033 | ENIG ring.003
00:02:54 | INFO: Primitives created: 1
00:02:54 | INFO: Extracting primitive: V033 | plated through via.001
00:02:54 | INFO: Primitives created: 1
00:02:54 | INFO: Extracting primitive: V034 | ENIG ring.002
00:02:54 | INFO: Primitives created: 1
00:02:54 | INFO: Extracting primitive: V034 | ENIG ring.003
00:02:54 | INFO: Primitives created: 1
00:02:54 | INFO: Extracting primitive: V034 | plated through via.001
00:02:54 | INFO: Primitives created: 1
00:02:54 | INFO: Extracting primitive: V035 | ENIG ring.002
00:02:54 | INFO: Primitives created: 1
00:02:54 | INFO: Extracting primitive: V035 | ENIG ring.003
00:02:54 | INFO: Primitives created: 1
00:02:54 | INFO: Extracting primitive: V035 | plated through via.001
00:02:54 | INFO: Primitives created: 1
00:02:54 | INFO: Extracting primitive: V036 | ENIG ring.002
00:02:54 | INFO: Primitives created: 1
00:02:54 | INFO: Extracting primitive: V036 | ENIG ring.003
00:02:54 | INFO: Primitives created: 1
00:02:54 | INFO: Extracting primitive: V036 | plated through via.001
00:02:54 | INFO: Primitives created: 1
00:02:54 | INFO: Extracting primitive: V037 | ENIG ring.002
00:02:54 | INFO: Primitives created: 1
00:02:54 | INFO: Extracting primitive: V037 | ENIG ring.003
00:02:54 | INFO: Primitives created: 1
00:02:54 | INFO: Extracting primitive: V037 | plated through via.001
00:02:54 | INFO: Primitives created: 1
00:02:54 | INFO: Extracting primitive: V038 | ENIG ring.002
00:02:54 | INFO: Primitives created: 1
00:02:54 | INFO: Extracting primitive: V038 | ENIG ring.003
00:02:54 | INFO: Primitives created: 1
00:02:54 | INFO: Extracting primitive: V038 | plated through via.001
00:02:54 | INFO: Primitives created: 1
00:02:54 | INFO: Extracting primitive: V039 | ENIG ring.002
00:02:54 | INFO: Primitives created: 1
00:02:54 | INFO: Extracting primitive: V039 | ENIG ring.003
00:02:54 | INFO: Primitives created: 1
00:02:54 | INFO: Extracting primitive: V039 | plated through via.001
00:02:54 | INFO: Primitives created: 1
00:02:54 | INFO: Extracting primitive: V040 | ENIG ring.002
00:02:55 | INFO: Primitives created: 1
00:02:55 | INFO: Extracting primitive: V040 | ENIG ring.003
00:02:55 | INFO: Primitives created: 1
00:02:55 | INFO: Extracting primitive: V040 | plated through via.001
00:02:55 | INFO: Primitives created: 1
00:02:55 | INFO: Extracting primitive: V041 | ENIG ring.002
00:02:55 | INFO: Primitives created: 1
00:02:55 | INFO: Extracting primitive: V041 | ENIG ring.003
00:02:55 | INFO: Primitives created: 1
00:02:55 | INFO: Extracting primitive: V041 | plated through via.001
00:02:55 | INFO: Primitives created: 1
00:02:55 | INFO: Extracting primitive: V042 | ENIG ring.002
00:02:55 | INFO: Primitives created: 1
00:02:55 | INFO: Extracting primitive: V042 | ENIG ring.003
00:02:55 | INFO: Primitives created: 1
00:02:55 | INFO: Extracting primitive: V042 | plated through via.001
00:02:55 | INFO: Primitives created: 1
00:02:55 | INFO: Extracting primitive: V043 | ENIG ring.002
00:02:55 | INFO: Primitives created: 1
00:02:55 | INFO: Extracting primitive: V043 | ENIG ring.003
00:02:55 | INFO: Primitives created: 1
00:02:55 | INFO: Extracting primitive: V043 | plated through via.001
00:02:55 | INFO: Primitives created: 1
00:02:55 | INFO: Extracting primitive: V044 | ENIG ring.002
00:02:55 | INFO: Primitives created: 1
00:02:55 | INFO: Extracting primitive: V044 | ENIG ring.003
00:02:55 | INFO: Primitives created: 1
00:02:55 | INFO: Extracting primitive: V044 | plated through via.001
00:02:55 | INFO: Primitives created: 1
00:02:55 | INFO: Extracting primitive: Text 16MB FLASH / 8MB PSRAM
00:02:55 | INFO: Primitives created: 1
00:02:55 | INFO: Extracting primitive: Text ESP32-S3-WROOM-1
00:02:55 | INFO: Primitives created: 1
00:02:55 | INFO: Extracting primitive: Text ESPRESSIF
00:02:55 | INFO: Primitives created: 1
00:02:55 | INFO: Extracting primitive: Text G-one  /  BLE
00:02:55 | INFO: Primitives created: 1
00:02:55 | INFO: Extracting primitive: Text N16R8
00:02:55 | INFO: Primitives created: 1
00:02:55 | INFO: Extracting primitive: Cube.681
00:02:55 | INFO: Primitives created: 1
00:02:55 | INFO: Extracting primitive: Cube.683
00:02:55 | INFO: Primitives created: 1
00:02:55 | INFO: Extracting primitive: Cube.685
00:02:55 | INFO: Primitives created: 1
00:02:55 | INFO: Extracting primitive: Cube.687
00:02:55 | INFO: Primitives created: 1
00:02:55 | INFO: Extracting primitive: Cube.689
00:02:55 | INFO: Primitives created: 1
00:02:55 | INFO: Extracting primitive: Cube.691
00:02:55 | INFO: Primitives created: 1
00:02:55 | INFO: Extracting primitive: Cube.693
00:02:55 | INFO: Primitives created: 1
00:02:55 | INFO: Extracting primitive: Cube.695
00:02:55 | INFO: Primitives created: 1
00:02:55 | INFO: Extracting primitive: Cube.697
00:02:55 | INFO: Primitives created: 1
00:02:55 | INFO: Extracting primitive: Cube.699
00:02:55 | INFO: Primitives created: 1
00:02:55 | INFO: Extracting primitive: Cube.701
00:02:55 | INFO: Primitives created: 1
00:02:55 | INFO: Extracting primitive: Cube.703
00:02:55 | INFO: Primitives created: 1
00:02:55 | INFO: Extracting primitive: Cube.705
00:02:55 | INFO: Primitives created: 1
00:02:55 | INFO: Extracting primitive: Cube.707
00:02:55 | INFO: Primitives created: 1
00:02:55 | INFO: Extracting primitive: Cube.003
00:02:55 | INFO: Primitives created: 1
00:02:55 | INFO: Extracting primitive: Cube.655
00:02:55 | INFO: Primitives created: 1
00:02:55 | INFO: Extracting primitive: Cube.657
00:02:55 | INFO: Primitives created: 1
00:02:55 | INFO: Extracting primitive: Cube.659
00:02:55 | INFO: Primitives created: 1
00:02:55 | INFO: Extracting primitive: Cube.661
00:02:55 | INFO: Primitives created: 1
00:02:55 | INFO: Extracting primitive: Cube.663
00:02:55 | INFO: Primitives created: 1
00:02:55 | INFO: Extracting primitive: Cube.665
00:02:55 | INFO: Primitives created: 1
00:02:55 | INFO: Extracting primitive: Cube.667
00:02:55 | INFO: Primitives created: 1
00:02:55 | INFO: Extracting primitive: Cube.669
00:02:55 | INFO: Primitives created: 1
00:02:55 | INFO: Extracting primitive: Cube.671
00:02:55 | INFO: Primitives created: 1
00:02:55 | INFO: Extracting primitive: Cube.673
00:02:55 | INFO: Primitives created: 1
00:02:55 | INFO: Extracting primitive: Cube.675
00:02:55 | INFO: Primitives created: 1
00:02:55 | INFO: Extracting primitive: Cube.677
00:02:55 | INFO: Primitives created: 1
00:02:55 | INFO: Extracting primitive: Cube.679
00:02:55 | INFO: Primitives created: 1
00:02:55 | INFO: Extracting primitive: Cube.721
00:02:55 | INFO: Primitives created: 1
00:02:55 | INFO: Extracting primitive: Cube.722
00:02:55 | INFO: Primitives created: 1
00:02:55 | INFO: Extracting primitive: Cube.723
00:02:55 | INFO: Primitives created: 1
00:02:55 | INFO: Extracting primitive: Cube.724
00:02:55 | INFO: Primitives created: 1
00:02:55 | INFO: Extracting primitive: Cube.725
00:02:55 | INFO: Primitives created: 1
00:02:55 | INFO: Extracting primitive: Cube.726
00:02:55 | INFO: Primitives created: 1
00:02:55 | INFO: Extracting primitive: Cube.727
00:02:55 | INFO: Primitives created: 1
00:02:55 | INFO: Extracting primitive: Cube.728
00:02:55 | INFO: Primitives created: 1
00:02:55 | INFO: Extracting primitive: Cube.729
00:02:55 | INFO: Primitives created: 1
00:02:55 | INFO: Extracting primitive: Cube.730
00:02:55 | INFO: Primitives created: 1
00:02:55 | INFO: Extracting primitive: Cube.731
00:02:55 | INFO: Primitives created: 1
00:02:55 | INFO: Extracting primitive: Cube.732
00:02:55 | INFO: Primitives created: 1
00:02:55 | INFO: Extracting primitive: Cube.733
00:02:55 | INFO: Primitives created: 1
00:02:55 | INFO: Extracting primitive: Cube.734
00:02:55 | INFO: Primitives created: 1
00:02:55 | INFO: Extracting primitive: Cube.735
00:02:55 | INFO: Primitives created: 1
00:02:55 | INFO: Extracting primitive: Cube.736
00:02:55 | INFO: Primitives created: 1
00:02:55 | INFO: Extracting primitive: Cube.737
00:02:55 | INFO: Primitives created: 1
00:02:55 | INFO: Extracting primitive: Cube.738
00:02:55 | INFO: Primitives created: 1
00:02:55 | INFO: Extracting primitive: Cube.739
00:02:55 | INFO: Primitives created: 1
00:02:55 | INFO: Extracting primitive: Cube.740
00:02:55 | INFO: Primitives created: 1
00:02:55 | INFO: Extracting primitive: Cube.741
00:02:55 | INFO: Primitives created: 1
00:02:55 | INFO: Extracting primitive: Cube.742
00:02:55 | INFO: Primitives created: 1
00:02:55 | INFO: Extracting primitive: Cube.743
00:02:55 | INFO: Primitives created: 1
00:02:55 | INFO: Extracting primitive: Cube.744
00:02:55 | INFO: Primitives created: 1
00:02:55 | INFO: Extracting primitive: Cube.745
00:02:55 | INFO: Primitives created: 1
00:02:55 | INFO: Extracting primitive: Cube.746
00:02:55 | INFO: Primitives created: 1
00:02:55 | INFO: Extracting primitive: Cube.747
00:02:55 | INFO: Primitives created: 1
00:02:55 | INFO: Extracting primitive: Cube.748
00:02:55 | INFO: Primitives created: 1
00:02:55 | INFO: Extracting primitive: Cube.749
00:02:55 | INFO: Primitives created: 1
00:02:55 | INFO: Extracting primitive: Cube.750
00:02:55 | INFO: Primitives created: 1
00:02:55 | INFO: Extracting primitive: Cube.751
00:02:55 | INFO: Primitives created: 1
00:02:55 | INFO: Extracting primitive: Cube.752
00:02:55 | INFO: Primitives created: 1
00:02:55 | INFO: Extracting primitive: Cube.753
00:02:55 | INFO: Primitives created: 1
00:02:55 | INFO: Extracting primitive: Cube.754
00:02:55 | INFO: Primitives created: 1
00:02:55 | INFO: Extracting primitive: Cube.755
00:02:55 | INFO: Primitives created: 1
00:02:55 | INFO: Extracting primitive: Cube.756
00:02:55 | INFO: Primitives created: 1
00:02:55 | INFO: Extracting primitive: Cube.757
00:02:55 | INFO: Primitives created: 1
00:02:55 | INFO: Extracting primitive: Cube.758
00:02:55 | INFO: Primitives created: 1
00:02:55 | INFO: Extracting primitive: Cube.759
00:02:55 | INFO: Primitives created: 1
00:02:55 | INFO: Extracting primitive: Cube.760
00:02:55 | INFO: Primitives created: 1
00:02:55 | INFO: Extracting primitive: Cube.761
00:02:55 | INFO: Primitives created: 1
00:02:55 | INFO: Extracting primitive: Cube.762
00:02:55 | INFO: Primitives created: 1
00:02:55 | INFO: Extracting primitive: Cube.763
00:02:55 | INFO: Primitives created: 1
00:02:55 | INFO: Extracting primitive: Cube.764
00:02:55 | INFO: Primitives created: 1
00:02:55 | INFO: Extracting primitive: Cube.765
00:02:55 | INFO: Primitives created: 1
00:02:55 | INFO: Extracting primitive: Cube.766
00:02:55 | INFO: Primitives created: 1
00:02:55 | INFO: Extracting primitive: Cube.767
00:02:55 | INFO: Primitives created: 1
00:02:55 | INFO: Extracting primitive: Cube.001
00:02:55 | INFO: Primitives created: 1
00:02:55 | INFO: Extracting primitive: Cube.002
00:02:55 | INFO: Primitives created: 1
00:02:55 | INFO: Extracting primitive: Cube.682
00:02:55 | INFO: Primitives created: 1
00:02:55 | INFO: Extracting primitive: Cube.684
00:02:55 | INFO: Primitives created: 1
00:02:55 | INFO: Extracting primitive: Cube.686
00:02:55 | INFO: Primitives created: 1
00:02:55 | INFO: Extracting primitive: Cube.688
00:02:55 | INFO: Primitives created: 1
00:02:55 | INFO: Extracting primitive: Cube.690
00:02:55 | INFO: Primitives created: 1
00:02:55 | INFO: Extracting primitive: Cube.692
00:02:55 | INFO: Primitives created: 1
00:02:55 | INFO: Extracting primitive: Cube.694
00:02:55 | INFO: Primitives created: 1
00:02:55 | INFO: Extracting primitive: Cube.696
00:02:56 | INFO: Primitives created: 1
00:02:56 | INFO: Extracting primitive: Cube.698
00:02:56 | INFO: Primitives created: 1
00:02:56 | INFO: Extracting primitive: Cube.700
00:02:56 | INFO: Primitives created: 1
00:02:56 | INFO: Extracting primitive: Cube.702
00:02:56 | INFO: Primitives created: 1
00:02:56 | INFO: Extracting primitive: Cube.704
00:02:56 | INFO: Primitives created: 1
00:02:56 | INFO: Extracting primitive: Cube.706
00:02:56 | INFO: Primitives created: 1
00:02:56 | INFO: Extracting primitive: Cube.708
00:02:56 | INFO: Primitives created: 1
00:02:56 | INFO: Extracting primitive: Cube.532
00:02:56 | INFO: Primitives created: 1
00:02:56 | INFO: Extracting primitive: Cube.656
00:02:56 | INFO: Primitives created: 1
00:02:56 | INFO: Extracting primitive: Cube.658
00:02:56 | INFO: Primitives created: 1
00:02:56 | INFO: Extracting primitive: Cube.660
00:02:56 | INFO: Primitives created: 1
00:02:56 | INFO: Extracting primitive: Cube.662
00:02:56 | INFO: Primitives created: 1
00:02:56 | INFO: Extracting primitive: Cube.664
00:02:56 | INFO: Primitives created: 1
00:02:56 | INFO: Extracting primitive: Cube.666
00:02:56 | INFO: Primitives created: 1
00:02:56 | INFO: Extracting primitive: Cube.668
00:02:56 | INFO: Primitives created: 1
00:02:56 | INFO: Extracting primitive: Cube.670
00:02:56 | INFO: Primitives created: 1
00:02:56 | INFO: Extracting primitive: Cube.672
00:02:56 | INFO: Primitives created: 1
00:02:56 | INFO: Extracting primitive: Cube.674
00:02:56 | INFO: Primitives created: 1
00:02:56 | INFO: Extracting primitive: Cube.676
00:02:56 | INFO: Primitives created: 1
00:02:56 | INFO: Extracting primitive: Cube.678
00:02:56 | INFO: Primitives created: 1
00:02:56 | INFO: Extracting primitive: Cube.680
00:02:56 | INFO: Primitives created: 1
00:02:56 | INFO: Extracting primitive: Cube.709
00:02:56 | INFO: Primitives created: 1
00:02:56 | INFO: Extracting primitive: Cube.710
00:02:56 | INFO: Primitives created: 1
00:02:56 | INFO: Extracting primitive: Cube.711
00:02:56 | INFO: Primitives created: 1
00:02:56 | INFO: Extracting primitive: Cube.712
00:02:56 | INFO: Primitives created: 1
00:02:56 | INFO: Extracting primitive: Cube.713
00:02:56 | INFO: Primitives created: 1
00:02:56 | INFO: Extracting primitive: Cube.714
00:02:56 | INFO: Primitives created: 1
00:02:56 | INFO: Extracting primitive: Cube.715
00:02:56 | INFO: Primitives created: 1
00:02:56 | INFO: Extracting primitive: Cube.716
00:02:56 | INFO: Primitives created: 1
00:02:56 | INFO: Extracting primitive: Cube.717
00:02:56 | INFO: Primitives created: 1
00:02:56 | INFO: Extracting primitive: Cube.718
00:02:56 | INFO: Primitives created: 1
00:02:56 | INFO: Extracting primitive: Cube.719
00:02:56 | INFO: Primitives created: 1
00:02:56 | INFO: Extracting primitive: Cube.720
00:02:56 | INFO: Primitives created: 1
00:02:56 | INFO: Extracting primitive: U1 | visible antenna meander (illustrative)
00:02:56 | INFO: Primitives created: 1
00:02:56 | INFO: Extracting primitive: Cube.793
00:02:56 | INFO: Primitives created: 1
00:02:56 | INFO: Extracting primitive: Cube.795
00:02:56 | INFO: Primitives created: 1
00:02:56 | INFO: Extracting primitive: Cube.797
00:02:56 | INFO: Primitives created: 1
00:02:56 | INFO: Extracting primitive: Cube.794
00:02:56 | INFO: Primitives created: 1
00:02:56 | INFO: Extracting primitive: Cube.796
00:02:56 | INFO: Primitives created: 1
00:02:56 | INFO: Extracting primitive: Cube.798
00:02:56 | INFO: Primitives created: 1
00:02:56 | INFO: Extracting primitive: Cube.800
00:02:56 | INFO: Primitives created: 1
00:02:56 | INFO: Extracting primitive: Cube.802
00:02:56 | INFO: Primitives created: 1
00:02:56 | INFO: Extracting primitive: Cube.799
00:02:56 | INFO: Primitives created: 1
00:02:56 | INFO: Extracting primitive: Cube.801
00:02:56 | INFO: Primitives created: 1
00:02:56 | INFO: Extracting primitive: Cube.803
00:02:56 | INFO: Primitives created: 1
00:02:56 | INFO: Extracting primitive: Cube.805
00:02:56 | INFO: Primitives created: 1
00:02:56 | INFO: Extracting primitive: Cube.807
00:02:56 | INFO: Primitives created: 1
00:02:56 | INFO: Extracting primitive: Cube.804
00:02:56 | INFO: Primitives created: 1
00:02:56 | INFO: Extracting primitive: Cube.806
00:02:56 | INFO: Primitives created: 1
00:02:56 | INFO: Extracting primitive: Cube.808
00:02:56 | INFO: Primitives created: 1
00:02:56 | INFO: Extracting primitive: Cube.810
00:02:56 | INFO: Primitives created: 1
00:02:56 | INFO: Extracting primitive: Cube.812
00:02:56 | INFO: Primitives created: 1
00:02:56 | INFO: Extracting primitive: Cube.809
00:02:56 | INFO: Primitives created: 1
00:02:56 | INFO: Extracting primitive: Cube.811
00:02:56 | INFO: Primitives created: 1
00:02:56 | INFO: Extracting primitive: Text IMU
00:02:56 | INFO: Primitives created: 1
00:02:56 | INFO: Extracting primitive: Text MPU6050
00:02:56 | INFO: Primitives created: 1
00:02:56 | INFO: Extracting primitive: Text U3
00:02:56 | INFO: Primitives created: 1
00:02:56 | INFO: Extracting primitive: Cube.769
00:02:56 | INFO: Primitives created: 1
00:02:56 | INFO: Extracting primitive: Cube.770
00:02:56 | INFO: Primitives created: 1
00:02:56 | INFO: Extracting primitive: Cube.771
00:02:56 | INFO: Primitives created: 1
00:02:56 | INFO: Extracting primitive: Cube.772
00:02:56 | INFO: Primitives created: 1
00:02:56 | INFO: Extracting primitive: Cube.773
00:02:56 | INFO: Primitives created: 1
00:02:56 | INFO: Extracting primitive: Cube.774
00:02:56 | INFO: Primitives created: 1
00:02:56 | INFO: Extracting primitive: Cube.775
00:02:56 | INFO: Primitives created: 1
00:02:56 | INFO: Extracting primitive: Cube.776
00:02:56 | INFO: Primitives created: 1
00:02:56 | INFO: Extracting primitive: Cube.777
00:02:56 | INFO: Primitives created: 1
00:02:56 | INFO: Extracting primitive: Cube.778
00:02:56 | INFO: Primitives created: 1
00:02:56 | INFO: Extracting primitive: Cube.779
00:02:56 | INFO: Primitives created: 1
00:02:56 | INFO: Extracting primitive: Cube.780
00:02:56 | INFO: Primitives created: 1
00:02:56 | INFO: Extracting primitive: Cube.781
00:02:56 | INFO: Primitives created: 1
00:02:56 | INFO: Extracting primitive: Cube.782
00:02:56 | INFO: Primitives created: 1
00:02:56 | INFO: Extracting primitive: Cube.783
00:02:56 | INFO: Primitives created: 1
00:02:56 | INFO: Extracting primitive: Cube.784
00:02:56 | INFO: Primitives created: 1
00:02:56 | INFO: Extracting primitive: Cube.785
00:02:56 | INFO: Primitives created: 1
00:02:56 | INFO: Extracting primitive: Cube.786
00:02:56 | INFO: Primitives created: 1
00:02:56 | INFO: Extracting primitive: Cube.787
00:02:56 | INFO: Primitives created: 1
00:02:56 | INFO: Extracting primitive: Cube.788
00:02:56 | INFO: Primitives created: 1
00:02:56 | INFO: Extracting primitive: Cube.789
00:02:56 | INFO: Primitives created: 1
00:02:56 | INFO: Extracting primitive: Cube.790
00:02:56 | INFO: Primitives created: 1
00:02:56 | INFO: Extracting primitive: Cube.791
00:02:56 | INFO: Primitives created: 1
00:02:56 | INFO: Extracting primitive: Cube.792
00:02:56 | INFO: Primitives created: 1
00:02:56 | INFO: Extracting primitive: U3 | courtyard
00:02:56 | INFO: Primitives created: 1
00:02:56 | INFO: Extracting primitive: Cube.768
00:02:56 | INFO: Primitives created: 1
00:02:56 | INFO: Extracting primitive: Cylinder.001
00:02:56 | INFO: Primitives created: 1
00:02:56 | INFO: Extracting primitive: Cube.834
00:02:56 | INFO: Primitives created: 1
00:02:56 | INFO: Extracting primitive: Cube.835
00:02:56 | INFO: Primitives created: 1
00:02:56 | INFO: Extracting primitive: Cube.836
00:02:56 | INFO: Primitives created: 1
00:02:56 | INFO: Extracting primitive: Cube.837
00:02:56 | INFO: Primitives created: 1
00:02:56 | INFO: Extracting primitive: Cube.844
00:02:56 | INFO: Primitives created: 1
00:02:56 | INFO: Extracting primitive: Cube.815
00:02:56 | INFO: Primitives created: 1
00:02:56 | INFO: Extracting primitive: Cube.816
00:02:56 | INFO: Primitives created: 1
00:02:56 | INFO: Extracting primitive: Cube.813
00:02:56 | INFO: Primitives created: 1
00:02:56 | INFO: Extracting primitive: Cube.817
00:02:56 | INFO: Primitives created: 1
00:02:56 | INFO: Extracting primitive: Cube.819
00:02:56 | INFO: Primitives created: 1
00:02:56 | INFO: Extracting primitive: Cube.821
00:02:56 | INFO: Primitives created: 1
00:02:56 | INFO: Extracting primitive: Cube.823
00:02:56 | INFO: Primitives created: 1
00:02:56 | INFO: Extracting primitive: Cube.825
00:02:56 | INFO: Primitives created: 1
00:02:56 | INFO: Extracting primitive: Cube.827
00:02:56 | INFO: Primitives created: 1
00:02:56 | INFO: Extracting primitive: Cube.829
00:02:56 | INFO: Primitives created: 1
00:02:56 | INFO: Extracting primitive: Cube.831
00:02:56 | INFO: Primitives created: 1
00:02:56 | INFO: Extracting primitive: Cube.833
00:02:56 | INFO: Primitives created: 1
00:02:56 | INFO: Extracting primitive: Cube.818
00:02:56 | INFO: Primitives created: 1
00:02:56 | INFO: Extracting primitive: Cube.820
00:02:56 | INFO: Primitives created: 1
00:02:56 | INFO: Extracting primitive: Cube.822
00:02:56 | INFO: Primitives created: 1
00:02:56 | INFO: Extracting primitive: Cube.824
00:02:56 | INFO: Primitives created: 1
00:02:56 | INFO: Extracting primitive: Cube.826
00:02:56 | INFO: Primitives created: 1
00:02:56 | INFO: Extracting primitive: Cube.828
00:02:56 | INFO: Primitives created: 1
00:02:56 | INFO: Extracting primitive: Cube.830
00:02:56 | INFO: Primitives created: 1
00:02:56 | INFO: Extracting primitive: Cube.832
00:02:56 | INFO: Primitives created: 1
00:02:56 | INFO: Extracting primitive: Cube.838
00:02:56 | INFO: Primitives created: 1
00:02:56 | INFO: Extracting primitive: Cube.839
00:02:56 | INFO: Primitives created: 1
00:02:56 | INFO: Extracting primitive: Cube.840
00:02:56 | INFO: Primitives created: 1
00:02:56 | INFO: Extracting primitive: Cube.841
00:02:56 | INFO: Primitives created: 1
00:02:56 | INFO: Extracting primitive: Cube.842
00:02:56 | INFO: Primitives created: 1
00:02:56 | INFO: Extracting primitive: Cube.843
00:02:56 | INFO: Primitives created: 1
00:02:56 | INFO: Extracting primitive: Cube.814
00:02:56 | INFO: Primitives created: 1
00:02:56 | INFO: Extracting primitive: Text J4
00:02:56 | INFO: Primitives created: 1
00:02:56 | INFO: Extracting primitive: Text microSD
00:02:56 | INFO: Primitives created: 1
00:02:56 | INFO: Extracting primitive: Cube.961
00:02:56 | INFO: Primitives created: 1
00:02:56 | INFO: Extracting primitive: Cube.963
00:02:56 | INFO: Primitives created: 1
00:02:56 | INFO: Extracting primitive: Cube.965
00:02:56 | INFO: Primitives created: 1
00:02:56 | INFO: Extracting primitive: Cube.962
00:02:56 | INFO: Primitives created: 1
00:02:56 | INFO: Extracting primitive: Cube.964
00:02:56 | INFO: Primitives created: 1
00:02:56 | INFO: Extracting primitive: Cube.971
00:02:56 | INFO: Primitives created: 1
00:02:56 | INFO: Extracting primitive: Cube.973
00:02:56 | INFO: Primitives created: 1
00:02:56 | INFO: Extracting primitive: Cube.975
00:02:56 | INFO: Primitives created: 1
00:02:56 | INFO: Extracting primitive: Cube.972
00:02:56 | INFO: Primitives created: 1
00:02:56 | INFO: Extracting primitive: Cube.974
00:02:56 | INFO: Primitives created: 1
00:02:57 | INFO: Extracting primitive: Cube.986
00:02:57 | INFO: Primitives created: 1
00:02:57 | INFO: Extracting primitive: Cube.988
00:02:57 | INFO: Primitives created: 1
00:02:57 | INFO: Extracting primitive: Cube.990
00:02:57 | INFO: Primitives created: 1
00:02:57 | INFO: Extracting primitive: Cube.987
00:02:57 | INFO: Primitives created: 1
00:02:57 | INFO: Extracting primitive: Cube.989
00:02:57 | INFO: Primitives created: 1
00:02:57 | INFO: Extracting primitive: Cube.996
00:02:57 | INFO: Primitives created: 1
00:02:57 | INFO: Extracting primitive: Cube.998
00:02:57 | INFO: Primitives created: 1
00:02:57 | INFO: Extracting primitive: Cube.1000
00:02:57 | INFO: Primitives created: 1
00:02:57 | INFO: Extracting primitive: Cube.997
00:02:57 | INFO: Primitives created: 1
00:02:57 | INFO: Extracting primitive: Cube.999
00:02:57 | INFO: Primitives created: 1
00:02:57 | INFO: Extracting primitive: Cube.1006
00:02:57 | INFO: Primitives created: 1
00:02:57 | INFO: Extracting primitive: Cube.1008
00:02:57 | INFO: Primitives created: 1
00:02:57 | INFO: Extracting primitive: Cube.1010
00:02:57 | INFO: Primitives created: 1
00:02:57 | INFO: Extracting primitive: Cube.1007
00:02:57 | INFO: Primitives created: 1
00:02:57 | INFO: Extracting primitive: Cube.1009
00:02:57 | INFO: Primitives created: 1
00:02:57 | INFO: Extracting primitive: Cube.1011
00:02:57 | INFO: Primitives created: 1
00:02:57 | INFO: Extracting primitive: Cube.1013
00:02:57 | INFO: Primitives created: 1
00:02:57 | INFO: Extracting primitive: Cube.1015
00:02:57 | INFO: Primitives created: 1
00:02:57 | INFO: Extracting primitive: Cube.1012
00:02:57 | INFO: Primitives created: 1
00:02:57 | INFO: Extracting primitive: Cube.1014
00:02:57 | INFO: Primitives created: 1
00:02:57 | INFO: Extracting primitive: Cube.1021
00:02:57 | INFO: Primitives created: 1
00:02:57 | INFO: Extracting primitive: Cube.1023
00:02:57 | INFO: Primitives created: 1
00:02:57 | INFO: Extracting primitive: Cube.1025
00:02:57 | INFO: Primitives created: 1
00:02:57 | INFO: Extracting primitive: Cube.1016
00:02:57 | INFO: Primitives created: 1
00:02:57 | INFO: Extracting primitive: Cube.1019
00:02:57 | INFO: Primitives created: 1
00:02:57 | INFO: Extracting primitive: Cube.1017
00:02:57 | INFO: Primitives created: 1
00:02:57 | INFO: Extracting primitive: Cube.1018
00:02:57 | INFO: Primitives created: 1
00:02:57 | INFO: Extracting primitive: Cube.1020
00:02:57 | INFO: Primitives created: 1
00:02:57 | INFO: Extracting primitive: Cube.1022
00:02:57 | INFO: Primitives created: 1
00:02:57 | INFO: Extracting primitive: Cube.1024
00:02:57 | INFO: Primitives created: 1
00:02:57 | INFO: Extracting primitive: Cube.1026
00:02:57 | INFO: Primitives created: 1
00:02:57 | INFO: Extracting primitive: Text EMG / ANALOG
00:02:57 | INFO: Primitives created: 1
00:02:57 | INFO: Extracting primitive: Text INA333
00:02:57 | INFO: Primitives created: 1
00:02:57 | INFO: Extracting primitive: Text J3
00:02:57 | INFO: Primitives created: 1
00:02:57 | INFO: Extracting primitive: Text OPAMP
00:02:57 | INFO: Primitives created: 1
00:02:57 | INFO: Extracting primitive: Text OPAMP.001
00:02:57 | INFO: Primitives created: 1
00:02:57 | INFO: Extracting primitive: Text U5
00:02:57 | INFO: Primitives created: 1
00:02:57 | INFO: Extracting primitive: Text U6
00:02:57 | INFO: Primitives created: 1
00:02:57 | INFO: Extracting primitive: Text U7
00:02:57 | INFO: Primitives created: 1
00:02:57 | INFO: Extracting primitive: Cube.956
00:02:57 | INFO: Primitives created: 1
00:02:57 | INFO: Extracting primitive: Cube.958
00:02:57 | INFO: Primitives created: 1
00:02:57 | INFO: Extracting primitive: Cube.960
00:02:57 | INFO: Primitives created: 1
00:02:57 | INFO: Extracting primitive: Cube.957
00:02:57 | INFO: Primitives created: 1
00:02:57 | INFO: Extracting primitive: Cube.959
00:02:57 | INFO: Primitives created: 1
00:02:57 | INFO: Extracting primitive: Cube.966
00:02:57 | INFO: Primitives created: 1
00:02:57 | INFO: Extracting primitive: Cube.968
00:02:57 | INFO: Primitives created: 1
00:02:57 | INFO: Extracting primitive: Cube.970
00:02:57 | INFO: Primitives created: 1
00:02:57 | INFO: Extracting primitive: Cube.967
00:02:57 | INFO: Primitives created: 1
00:02:57 | INFO: Extracting primitive: Cube.969
00:02:57 | INFO: Primitives created: 1
00:02:57 | INFO: Extracting primitive: Cube.976
00:02:57 | INFO: Primitives created: 1
00:02:57 | INFO: Extracting primitive: Cube.978
00:02:57 | INFO: Primitives created: 1
00:02:57 | INFO: Extracting primitive: Cube.980
00:02:57 | INFO: Primitives created: 1
00:02:57 | INFO: Extracting primitive: Cube.977
00:02:57 | INFO: Primitives created: 1
00:02:57 | INFO: Extracting primitive: Cube.979
00:02:57 | INFO: Primitives created: 1
00:02:57 | INFO: Extracting primitive: Cube.981
00:02:57 | INFO: Primitives created: 1
00:02:57 | INFO: Extracting primitive: Cube.983
00:02:57 | INFO: Primitives created: 1
00:02:57 | INFO: Extracting primitive: Cube.985
00:02:57 | INFO: Primitives created: 1
00:02:57 | INFO: Extracting primitive: Cube.982
00:02:57 | INFO: Primitives created: 1
00:02:57 | INFO: Extracting primitive: Cube.984
00:02:57 | INFO: Primitives created: 1
00:02:57 | INFO: Extracting primitive: Cube.991
00:02:57 | INFO: Primitives created: 1
00:02:57 | INFO: Extracting primitive: Cube.993
00:02:57 | INFO: Primitives created: 1
00:02:57 | INFO: Extracting primitive: Cube.995
00:02:57 | INFO: Primitives created: 1
00:02:57 | INFO: Extracting primitive: Cube.992
00:02:57 | INFO: Primitives created: 1
00:02:57 | INFO: Extracting primitive: Cube.994
00:02:57 | INFO: Primitives created: 1
00:02:57 | INFO: Extracting primitive: Cube.1001
00:02:57 | INFO: Primitives created: 1
00:02:57 | INFO: Extracting primitive: Cube.1003
00:02:57 | INFO: Primitives created: 1
00:02:57 | INFO: Extracting primitive: Cube.1005
00:02:57 | INFO: Primitives created: 1
00:02:57 | INFO: Extracting primitive: Cube.1002
00:02:57 | INFO: Primitives created: 1
00:02:57 | INFO: Extracting primitive: Cube.1004
00:02:57 | INFO: Primitives created: 1
00:02:57 | INFO: Extracting primitive: Cube.845
00:02:57 | INFO: Primitives created: 1
00:02:57 | INFO: Extracting primitive: Cube.847
00:02:57 | INFO: Primitives created: 1
00:02:57 | INFO: Extracting primitive: Cube.850
00:02:57 | INFO: Primitives created: 1
00:02:57 | INFO: Extracting primitive: Cube.853
00:02:57 | INFO: Primitives created: 1
00:02:57 | INFO: Extracting primitive: Cube.856
00:02:57 | INFO: Primitives created: 1
00:02:57 | INFO: Extracting primitive: Cube.859
00:02:57 | INFO: Primitives created: 1
00:02:57 | INFO: Extracting primitive: Cube.862
00:02:57 | INFO: Primitives created: 1
00:02:57 | INFO: Extracting primitive: Cube.865
00:02:57 | INFO: Primitives created: 1
00:02:57 | INFO: Extracting primitive: Cube.868
00:02:57 | INFO: Primitives created: 1
00:02:57 | INFO: Extracting primitive: Cube.846
00:02:57 | INFO: Primitives created: 1
00:02:57 | INFO: Extracting primitive: Cube.849
00:02:57 | INFO: Primitives created: 1
00:02:57 | INFO: Extracting primitive: Cube.852
00:02:57 | INFO: Primitives created: 1
00:02:57 | INFO: Extracting primitive: Cube.855
00:02:57 | INFO: Primitives created: 1
00:02:57 | INFO: Extracting primitive: Cube.858
00:02:57 | INFO: Primitives created: 1
00:02:57 | INFO: Extracting primitive: Cube.861
00:02:57 | INFO: Primitives created: 1
00:02:57 | INFO: Extracting primitive: Cube.864
00:02:57 | INFO: Primitives created: 1
00:02:57 | INFO: Extracting primitive: Cube.867
00:02:57 | INFO: Primitives created: 1
00:02:57 | INFO: Extracting primitive: Cylinder.002
00:02:57 | INFO: Primitives created: 1
00:02:57 | INFO: Extracting primitive: Cube.848
00:02:57 | INFO: Primitives created: 1
00:02:57 | INFO: Extracting primitive: Cube.851
00:02:57 | INFO: Primitives created: 1
00:02:57 | INFO: Extracting primitive: Cube.854
00:02:57 | INFO: Primitives created: 1
00:02:57 | INFO: Extracting primitive: Cube.857
00:02:57 | INFO: Primitives created: 1
00:02:57 | INFO: Extracting primitive: Cube.860
00:02:57 | INFO: Primitives created: 1
00:02:57 | INFO: Extracting primitive: Cube.863
00:02:57 | INFO: Primitives created: 1
00:02:57 | INFO: Extracting primitive: Cube.866
00:02:57 | INFO: Primitives created: 1
00:02:57 | INFO: Extracting primitive: Cube.869
00:02:57 | INFO: Primitives created: 1
00:02:57 | INFO: Extracting primitive: Cube.872
00:02:57 | INFO: Primitives created: 1
00:02:57 | INFO: Extracting primitive: Cube.875
00:02:57 | INFO: Primitives created: 1
00:02:57 | INFO: Extracting primitive: Cube.878
00:02:57 | INFO: Primitives created: 1
00:02:57 | INFO: Extracting primitive: Cube.881
00:02:57 | INFO: Primitives created: 1
00:02:57 | INFO: Extracting primitive: Cube.884
00:02:57 | INFO: Primitives created: 1
00:02:57 | INFO: Extracting primitive: Cube.887
00:02:57 | INFO: Primitives created: 1
00:02:57 | INFO: Extracting primitive: Cube.890
00:02:57 | INFO: Primitives created: 1
00:02:57 | INFO: Extracting primitive: Cube.893
00:02:57 | INFO: Primitives created: 1
00:02:57 | INFO: Extracting primitive: Cube.896
00:02:57 | INFO: Primitives created: 1
00:02:57 | INFO: Extracting primitive: Cube.899
00:02:57 | INFO: Primitives created: 1
00:02:57 | INFO: Extracting primitive: Cube.902
00:02:57 | INFO: Primitives created: 1
00:02:57 | INFO: Extracting primitive: Cube.905
00:02:57 | INFO: Primitives created: 1
00:02:58 | INFO: Extracting primitive: Cube.908
00:02:58 | INFO: Primitives created: 1
00:02:58 | INFO: Extracting primitive: Cube.911
00:02:58 | INFO: Primitives created: 1
00:02:58 | INFO: Extracting primitive: Cube.871
00:02:58 | INFO: Primitives created: 1
00:02:58 | INFO: Extracting primitive: Cube.874
00:02:58 | INFO: Primitives created: 1
00:02:58 | INFO: Extracting primitive: Cube.877
00:02:58 | INFO: Primitives created: 1
00:02:58 | INFO: Extracting primitive: Cube.880
00:02:58 | INFO: Primitives created: 1
00:02:58 | INFO: Extracting primitive: Cube.883
00:02:58 | INFO: Primitives created: 1
00:02:58 | INFO: Extracting primitive: Cube.886
00:02:58 | INFO: Primitives created: 1
00:02:58 | INFO: Extracting primitive: Cube.889
00:02:58 | INFO: Primitives created: 1
00:02:58 | INFO: Extracting primitive: Cube.892
00:02:58 | INFO: Primitives created: 1
00:02:58 | INFO: Extracting primitive: Cube.895
00:02:58 | INFO: Primitives created: 1
00:02:58 | INFO: Extracting primitive: Cube.898
00:02:58 | INFO: Primitives created: 1
00:02:58 | INFO: Extracting primitive: Cube.901
00:02:58 | INFO: Primitives created: 1
00:02:58 | INFO: Extracting primitive: Cube.904
00:02:58 | INFO: Primitives created: 1
00:02:58 | INFO: Extracting primitive: Cube.907
00:02:58 | INFO: Primitives created: 1
00:02:58 | INFO: Extracting primitive: Cube.910
00:02:58 | INFO: Primitives created: 1
00:02:58 | INFO: Extracting primitive: Cube.870
00:02:58 | INFO: Primitives created: 1
00:02:58 | INFO: Extracting primitive: Cylinder.003
00:02:58 | INFO: Primitives created: 1
00:02:58 | INFO: Extracting primitive: Cube.873
00:02:58 | INFO: Primitives created: 1
00:02:58 | INFO: Extracting primitive: Cube.876
00:02:58 | INFO: Primitives created: 1
00:02:58 | INFO: Extracting primitive: Cube.879
00:02:58 | INFO: Primitives created: 1
00:02:58 | INFO: Extracting primitive: Cube.882
00:02:58 | INFO: Primitives created: 1
00:02:58 | INFO: Extracting primitive: Cube.885
00:02:58 | INFO: Primitives created: 1
00:02:58 | INFO: Extracting primitive: Cube.888
00:02:58 | INFO: Primitives created: 1
00:02:58 | INFO: Extracting primitive: Cube.891
00:02:58 | INFO: Primitives created: 1
00:02:58 | INFO: Extracting primitive: Cube.894
00:02:58 | INFO: Primitives created: 1
00:02:58 | INFO: Extracting primitive: Cube.897
00:02:58 | INFO: Primitives created: 1
00:02:58 | INFO: Extracting primitive: Cube.900
00:02:58 | INFO: Primitives created: 1
00:02:58 | INFO: Extracting primitive: Cube.903
00:02:58 | INFO: Primitives created: 1
00:02:58 | INFO: Extracting primitive: Cube.906
00:02:58 | INFO: Primitives created: 1
00:02:58 | INFO: Extracting primitive: Cube.909
00:02:58 | INFO: Primitives created: 1
00:02:58 | INFO: Extracting primitive: Cube.912
00:02:58 | INFO: Primitives created: 1
00:02:58 | INFO: Extracting primitive: Cube.915
00:02:58 | INFO: Primitives created: 1
00:02:58 | INFO: Extracting primitive: Cube.918
00:02:58 | INFO: Primitives created: 1
00:02:58 | INFO: Extracting primitive: Cube.921
00:02:58 | INFO: Primitives created: 1
00:02:58 | INFO: Extracting primitive: Cube.924
00:02:58 | INFO: Primitives created: 1
00:02:58 | INFO: Extracting primitive: Cube.927
00:02:58 | INFO: Primitives created: 1
00:02:58 | INFO: Extracting primitive: Cube.930
00:02:58 | INFO: Primitives created: 1
00:02:58 | INFO: Extracting primitive: Cube.933
00:02:58 | INFO: Primitives created: 1
00:02:58 | INFO: Extracting primitive: Cube.936
00:02:58 | INFO: Primitives created: 1
00:02:58 | INFO: Extracting primitive: Cube.939
00:02:58 | INFO: Primitives created: 1
00:02:58 | INFO: Extracting primitive: Cube.942
00:02:58 | INFO: Primitives created: 1
00:02:58 | INFO: Extracting primitive: Cube.945
00:02:58 | INFO: Primitives created: 1
00:02:58 | INFO: Extracting primitive: Cube.948
00:02:58 | INFO: Primitives created: 1
00:02:58 | INFO: Extracting primitive: Cube.951
00:02:58 | INFO: Primitives created: 1
00:02:58 | INFO: Extracting primitive: Cube.954
00:02:58 | INFO: Primitives created: 1
00:02:58 | INFO: Extracting primitive: Cube.914
00:02:58 | INFO: Primitives created: 1
00:02:58 | INFO: Extracting primitive: Cube.917
00:02:58 | INFO: Primitives created: 1
00:02:58 | INFO: Extracting primitive: Cube.920
00:02:58 | INFO: Primitives created: 1
00:02:58 | INFO: Extracting primitive: Cube.923
00:02:58 | INFO: Primitives created: 1
00:02:58 | INFO: Extracting primitive: Cube.926
00:02:58 | INFO: Primitives created: 1
00:02:58 | INFO: Extracting primitive: Cube.929
00:02:58 | INFO: Primitives created: 1
00:02:58 | INFO: Extracting primitive: Cube.932
00:02:58 | INFO: Primitives created: 1
00:02:58 | INFO: Extracting primitive: Cube.935
00:02:58 | INFO: Primitives created: 1
00:02:58 | INFO: Extracting primitive: Cube.938
00:02:58 | INFO: Primitives created: 1
00:02:58 | INFO: Extracting primitive: Cube.941
00:02:58 | INFO: Primitives created: 1
00:02:58 | INFO: Extracting primitive: Cube.944
00:02:58 | INFO: Primitives created: 1
00:02:58 | INFO: Extracting primitive: Cube.947
00:02:58 | INFO: Primitives created: 1
00:02:58 | INFO: Extracting primitive: Cube.950
00:02:58 | INFO: Primitives created: 1
00:02:58 | INFO: Extracting primitive: Cube.953
00:02:58 | INFO: Primitives created: 1
00:02:58 | INFO: Extracting primitive: Cube.913
00:02:58 | INFO: Primitives created: 1
00:02:58 | INFO: Extracting primitive: Cylinder.004
00:02:58 | INFO: Primitives created: 1
00:02:58 | INFO: Extracting primitive: Cube.916
00:02:58 | INFO: Primitives created: 1
00:02:58 | INFO: Extracting primitive: Cube.919
00:02:58 | INFO: Primitives created: 1
00:02:58 | INFO: Extracting primitive: Cube.922
00:02:58 | INFO: Primitives created: 1
00:02:58 | INFO: Extracting primitive: Cube.925
00:02:58 | INFO: Primitives created: 1
00:02:58 | INFO: Extracting primitive: Cube.928
00:02:58 | INFO: Primitives created: 1
00:02:58 | INFO: Extracting primitive: Cube.931
00:02:58 | INFO: Primitives created: 1
00:02:58 | INFO: Extracting primitive: Cube.934
00:02:58 | INFO: Primitives created: 1
00:02:58 | INFO: Extracting primitive: Cube.937
00:02:58 | INFO: Primitives created: 1
00:02:58 | INFO: Extracting primitive: Cube.940
00:02:58 | INFO: Primitives created: 1
00:02:58 | INFO: Extracting primitive: Cube.943
00:02:58 | INFO: Primitives created: 1
00:02:58 | INFO: Extracting primitive: Cube.946
00:02:58 | INFO: Primitives created: 1
00:02:58 | INFO: Extracting primitive: Cube.949
00:02:58 | INFO: Primitives created: 1
00:02:58 | INFO: Extracting primitive: Cube.952
00:02:58 | INFO: Primitives created: 1
00:02:58 | INFO: Extracting primitive: Cube.955
00:02:58 | INFO: Primitives created: 1
00:02:58 | INFO: Extracting primitive: Cube.1102
00:02:58 | INFO: Primitives created: 1
00:02:58 | INFO: Extracting primitive: Cube.1104
00:02:58 | INFO: Primitives created: 1
00:02:58 | INFO: Extracting primitive: Cube.1106
00:02:58 | INFO: Primitives created: 1
00:02:58 | INFO: Extracting primitive: Cube.1103
00:02:58 | INFO: Primitives created: 1
00:02:58 | INFO: Extracting primitive: Cube.1105
00:02:58 | INFO: Primitives created: 1
00:02:58 | INFO: Extracting primitive: Cube.1107
00:02:58 | INFO: Primitives created: 1
00:02:58 | INFO: Extracting primitive: Cube.1109
00:02:58 | INFO: Primitives created: 1
00:02:58 | INFO: Extracting primitive: Cube.1111
00:02:58 | INFO: Primitives created: 1
00:02:58 | INFO: Extracting primitive: Cube.1108
00:02:58 | INFO: Primitives created: 1
00:02:58 | INFO: Extracting primitive: Cube.1110
00:02:58 | INFO: Primitives created: 1
00:02:58 | INFO: Extracting primitive: Cube.1112
00:02:58 | INFO: Primitives created: 1
00:02:58 | INFO: Extracting primitive: Cube.1114
00:02:58 | INFO: Primitives created: 1
00:02:58 | INFO: Extracting primitive: Cube.1116
00:02:58 | INFO: Primitives created: 1
00:02:58 | INFO: Extracting primitive: Cube.1113
00:02:58 | INFO: Primitives created: 1
00:02:58 | INFO: Extracting primitive: Cube.1115
00:02:58 | INFO: Primitives created: 1
00:02:58 | INFO: Extracting primitive: Cube.1117
00:02:58 | INFO: Primitives created: 1
00:02:58 | INFO: Extracting primitive: Cube.1119
00:02:58 | INFO: Primitives created: 1
00:02:58 | INFO: Extracting primitive: Cube.1121
00:02:58 | INFO: Primitives created: 1
00:02:58 | INFO: Extracting primitive: Cube.1118
00:02:58 | INFO: Primitives created: 1
00:02:58 | INFO: Extracting primitive: Cube.1120
00:02:58 | INFO: Primitives created: 1
00:02:58 | INFO: Extracting primitive: Cube.1122
00:02:58 | INFO: Primitives created: 1
00:02:58 | INFO: Extracting primitive: Cube.1124
00:02:58 | INFO: Primitives created: 1
00:02:58 | INFO: Extracting primitive: Cube.1126
00:02:58 | INFO: Primitives created: 1
00:02:58 | INFO: Extracting primitive: Cube.1123
00:02:58 | INFO: Primitives created: 1
00:02:58 | INFO: Extracting primitive: Cube.1125
00:02:58 | INFO: Primitives created: 1
00:02:58 | INFO: Extracting primitive: Cube.1127
00:02:58 | INFO: Primitives created: 1
00:02:58 | INFO: Extracting primitive: Cube.1129
00:02:58 | INFO: Primitives created: 1
00:02:58 | INFO: Extracting primitive: Cube.1131
00:02:58 | INFO: Primitives created: 1
00:02:58 | INFO: Extracting primitive: Cube.1128
00:02:58 | INFO: Primitives created: 1
00:02:58 | INFO: Extracting primitive: Cube.1130
00:02:58 | INFO: Primitives created: 1
00:02:58 | INFO: Extracting primitive: Cube.1132
00:02:58 | INFO: Primitives created: 1
00:02:58 | INFO: Extracting primitive: Cube.1134
00:02:58 | INFO: Primitives created: 1
00:02:58 | INFO: Extracting primitive: Cube.1136
00:02:58 | INFO: Primitives created: 1
00:02:58 | INFO: Extracting primitive: Cube.1133
00:02:58 | INFO: Primitives created: 1
00:02:58 | INFO: Extracting primitive: Cube.1135
00:02:58 | INFO: Primitives created: 1
00:02:58 | INFO: Extracting primitive: Cube.1137
00:02:58 | INFO: Primitives created: 1
00:02:58 | INFO: Extracting primitive: Cube.1139
00:02:58 | INFO: Primitives created: 1
00:02:58 | INFO: Extracting primitive: Cube.1141
00:02:58 | INFO: Primitives created: 1
00:02:58 | INFO: Extracting primitive: Cube.1138
00:02:58 | INFO: Primitives created: 1
00:02:58 | INFO: Extracting primitive: Cube.1140
00:02:58 | INFO: Primitives created: 1
00:02:58 | INFO: Extracting primitive: Cube.1142
00:02:58 | INFO: Primitives created: 1
00:02:58 | INFO: Extracting primitive: Cube.1144
00:02:58 | INFO: Primitives created: 1
00:02:58 | INFO: Extracting primitive: Cube.1146
00:02:58 | INFO: Primitives created: 1
00:02:58 | INFO: Extracting primitive: Cube.1143
00:02:58 | INFO: Primitives created: 1
00:02:58 | INFO: Extracting primitive: Cube.1145
00:02:58 | INFO: Primitives created: 1
00:02:58 | INFO: Extracting primitive: Cube.1147
00:02:58 | INFO: Primitives created: 1
00:02:58 | INFO: Extracting primitive: Cube.1149
00:02:58 | INFO: Primitives created: 1
00:02:58 | INFO: Extracting primitive: Cube.1151
00:02:58 | INFO: Primitives created: 1
00:02:58 | INFO: Extracting primitive: Cube.1148
00:02:58 | INFO: Primitives created: 1
00:02:58 | INFO: Extracting primitive: Cube.1150
00:02:58 | INFO: Primitives created: 1
00:02:58 | INFO: Extracting primitive: Cube.1152
00:02:58 | INFO: Primitives created: 1
00:02:58 | INFO: Extracting primitive: Cube.1154
00:02:58 | INFO: Primitives created: 1
00:02:58 | INFO: Extracting primitive: Cube.1156
00:02:58 | INFO: Primitives created: 1
00:02:58 | INFO: Extracting primitive: Cube.1153
00:02:58 | INFO: Primitives created: 1
00:02:58 | INFO: Extracting primitive: Cube.1155
00:02:58 | INFO: Primitives created: 1
00:02:58 | INFO: Extracting primitive: Cube.1157
00:02:58 | INFO: Primitives created: 1
00:02:58 | INFO: Extracting primitive: Cube.1159
00:02:58 | INFO: Primitives created: 1
00:02:58 | INFO: Extracting primitive: Cube.1161
00:02:58 | INFO: Primitives created: 1
00:02:58 | INFO: Extracting primitive: Cube.1158
00:02:58 | INFO: Primitives created: 1
00:02:58 | INFO: Extracting primitive: Cube.1160
00:02:59 | INFO: Primitives created: 1
00:02:59 | INFO: Extracting primitive: Cube.1162
00:02:59 | INFO: Primitives created: 1
00:02:59 | INFO: Extracting primitive: Cube.1164
00:02:59 | INFO: Primitives created: 1
00:02:59 | INFO: Extracting primitive: Cube.1166
00:02:59 | INFO: Primitives created: 1
00:02:59 | INFO: Extracting primitive: Cube.1163
00:02:59 | INFO: Primitives created: 1
00:02:59 | INFO: Extracting primitive: Cube.1165
00:02:59 | INFO: Primitives created: 1
00:02:59 | INFO: Extracting primitive: Cube.1172
00:02:59 | INFO: Primitives created: 1
00:02:59 | INFO: Extracting primitive: Cube.1174
00:02:59 | INFO: Primitives created: 1
00:02:59 | INFO: Extracting primitive: Cube.1176
00:02:59 | INFO: Primitives created: 1
00:02:59 | INFO: Extracting primitive: Cube.1167
00:02:59 | INFO: Primitives created: 1
00:02:59 | INFO: Extracting primitive: Cube.1170
00:02:59 | INFO: Primitives created: 1
00:02:59 | INFO: Extracting primitive: Cube.1168
00:02:59 | INFO: Primitives created: 1
00:02:59 | INFO: Extracting primitive: Cube.1169
00:02:59 | INFO: Primitives created: 1
00:02:59 | INFO: Extracting primitive: Cube.1171
00:02:59 | INFO: Primitives created: 1
00:02:59 | INFO: Extracting primitive: Cube.1173
00:02:59 | INFO: Primitives created: 1
00:02:59 | INFO: Extracting primitive: Cube.1175
00:02:59 | INFO: Primitives created: 1
00:02:59 | INFO: Extracting primitive: Cube.1177
00:02:59 | INFO: Primitives created: 1
00:02:59 | INFO: Extracting primitive: Cube.1060
00:02:59 | INFO: Primitives created: 1
00:02:59 | INFO: Extracting primitive: Cube.1062
00:02:59 | INFO: Primitives created: 1
00:02:59 | INFO: Extracting primitive: Cube.1063
00:02:59 | INFO: Primitives created: 1
00:02:59 | INFO: Extracting primitive: Cube.1061
00:02:59 | INFO: Primitives created: 1
00:02:59 | INFO: Extracting primitive: Text 1V8
00:02:59 | INFO: Primitives created: 1
00:02:59 | INFO: Extracting primitive: Text 2R2
00:02:59 | INFO: Primitives created: 1
00:02:59 | INFO: Extracting primitive: Text AFE LDO
00:02:59 | INFO: Primitives created: 1
00:02:59 | INFO: Extracting primitive: Text BAT / NTC
00:02:59 | INFO: Primitives created: 1
00:02:59 | INFO: Extracting primitive: Text BQ24074
00:02:59 | INFO: Primitives created: 1
00:02:59 | INFO: Extracting primitive: Text TPS63070
00:02:59 | INFO: Primitives created: 1
00:02:59 | INFO: Extracting primitive: Text U8
00:02:59 | INFO: Primitives created: 1
00:02:59 | INFO: Extracting primitive: Text U9
00:02:59 | INFO: Primitives created: 1
00:02:59 | INFO: Extracting primitive: Text U10
00:02:59 | INFO: Primitives created: 1
00:02:59 | INFO: Extracting primitive: Text U11
00:02:59 | INFO: Primitives created: 1
00:02:59 | INFO: Extracting primitive: Cube.1027
00:02:59 | INFO: Primitives created: 1
00:02:59 | INFO: Extracting primitive: Cube.1028
00:02:59 | INFO: Primitives created: 1
00:02:59 | INFO: Extracting primitive: Cube.1029
00:02:59 | INFO: Primitives created: 1
00:02:59 | INFO: Extracting primitive: Cube.1030
00:02:59 | INFO: Primitives created: 1
00:02:59 | INFO: Extracting primitive: Cube.1031
00:02:59 | INFO: Primitives created: 1
00:02:59 | INFO: Extracting primitive: Cube.1032
00:02:59 | INFO: Primitives created: 1
00:02:59 | INFO: Extracting primitive: Cube.1033
00:02:59 | INFO: Primitives created: 1
00:02:59 | INFO: Extracting primitive: Cube.1034
00:02:59 | INFO: Primitives created: 1
00:02:59 | INFO: Extracting primitive: Cube.1035
00:02:59 | INFO: Primitives created: 1
00:02:59 | INFO: Extracting primitive: Cube.1036
00:02:59 | INFO: Primitives created: 1
00:02:59 | INFO: Extracting primitive: Cube.1037
00:02:59 | INFO: Primitives created: 1
00:02:59 | INFO: Extracting primitive: Cube.1038
00:02:59 | INFO: Primitives created: 1
00:02:59 | INFO: Extracting primitive: Cube.1039
00:02:59 | INFO: Primitives created: 1
00:02:59 | INFO: Extracting primitive: Cube.1040
00:02:59 | INFO: Primitives created: 1
00:02:59 | INFO: Extracting primitive: Cube.1041
00:02:59 | INFO: Primitives created: 1
00:02:59 | INFO: Extracting primitive: Cube.1042
00:02:59 | INFO: Primitives created: 1
00:02:59 | INFO: Extracting primitive: Cube.1043
00:02:59 | INFO: Primitives created: 1
00:02:59 | INFO: Extracting primitive: Cylinder.005
00:02:59 | INFO: Primitives created: 1
00:02:59 | INFO: Extracting primitive: Cube.1045
00:02:59 | INFO: Primitives created: 1
00:02:59 | INFO: Extracting primitive: Cube.1046
00:02:59 | INFO: Primitives created: 1
00:02:59 | INFO: Extracting primitive: Cube.1047
00:02:59 | INFO: Primitives created: 1
00:02:59 | INFO: Extracting primitive: Cube.1048
00:02:59 | INFO: Primitives created: 1
00:02:59 | INFO: Extracting primitive: Cube.1049
00:02:59 | INFO: Primitives created: 1
00:02:59 | INFO: Extracting primitive: Cube.1050
00:02:59 | INFO: Primitives created: 1
00:02:59 | INFO: Extracting primitive: Cube.1051
00:02:59 | INFO: Primitives created: 1
00:02:59 | INFO: Extracting primitive: Cube.1052
00:02:59 | INFO: Primitives created: 1
00:02:59 | INFO: Extracting primitive: Cube.1053
00:02:59 | INFO: Primitives created: 1
00:02:59 | INFO: Extracting primitive: Cube.1054
00:02:59 | INFO: Primitives created: 1
00:02:59 | INFO: Extracting primitive: Cube.1055
00:02:59 | INFO: Primitives created: 1
00:02:59 | INFO: Extracting primitive: Cube.1056
00:02:59 | INFO: Primitives created: 1
00:02:59 | INFO: Extracting primitive: Cube.1057
00:02:59 | INFO: Primitives created: 1
00:02:59 | INFO: Extracting primitive: Cube.1058
00:02:59 | INFO: Primitives created: 1
00:02:59 | INFO: Extracting primitive: Cube.1059
00:02:59 | INFO: Primitives created: 1
00:02:59 | INFO: Extracting primitive: Cylinder.006
00:02:59 | INFO: Primitives created: 1
00:02:59 | INFO: Extracting primitive: Cube.1044
00:02:59 | INFO: Primitives created: 1
00:02:59 | INFO: Extracting primitive: Cube.1064
00:02:59 | INFO: Primitives created: 1
00:02:59 | INFO: Extracting primitive: Cube.1066
00:02:59 | INFO: Primitives created: 1
00:02:59 | INFO: Extracting primitive: Cube.1069
00:02:59 | INFO: Primitives created: 1
00:02:59 | INFO: Extracting primitive: Cube.1072
00:02:59 | INFO: Primitives created: 1
00:02:59 | INFO: Extracting primitive: Cube.1075
00:02:59 | INFO: Primitives created: 1
00:02:59 | INFO: Extracting primitive: Cube.1078
00:02:59 | INFO: Primitives created: 1
00:02:59 | INFO: Extracting primitive: Cube.1081
00:02:59 | INFO: Primitives created: 1
00:02:59 | INFO: Extracting primitive: Cube.1065
00:02:59 | INFO: Primitives created: 1
00:02:59 | INFO: Extracting primitive: Cube.1068
00:02:59 | INFO: Primitives created: 1
00:02:59 | INFO: Extracting primitive: Cube.1071
00:02:59 | INFO: Primitives created: 1
00:02:59 | INFO: Extracting primitive: Cube.1074
00:02:59 | INFO: Primitives created: 1
00:02:59 | INFO: Extracting primitive: Cube.1077
00:02:59 | INFO: Primitives created: 1
00:02:59 | INFO: Extracting primitive: Cube.1080
00:02:59 | INFO: Primitives created: 1
00:02:59 | INFO: Extracting primitive: Cylinder.007
00:02:59 | INFO: Primitives created: 1
00:02:59 | INFO: Extracting primitive: Cube.1067
00:02:59 | INFO: Primitives created: 1
00:02:59 | INFO: Extracting primitive: Cube.1070
00:02:59 | INFO: Primitives created: 1
00:02:59 | INFO: Extracting primitive: Cube.1073
00:02:59 | INFO: Primitives created: 1
00:02:59 | INFO: Extracting primitive: Cube.1076
00:02:59 | INFO: Primitives created: 1
00:02:59 | INFO: Extracting primitive: Cube.1079
00:02:59 | INFO: Primitives created: 1
00:02:59 | INFO: Extracting primitive: Cube.1082
00:02:59 | INFO: Primitives created: 1
00:02:59 | INFO: Extracting primitive: Cube.1083
00:02:59 | INFO: Primitives created: 1
00:02:59 | INFO: Extracting primitive: Cube.1085
00:02:59 | INFO: Primitives created: 1
00:02:59 | INFO: Extracting primitive: Cube.1088
00:02:59 | INFO: Primitives created: 1
00:02:59 | INFO: Extracting primitive: Cube.1091
00:02:59 | INFO: Primitives created: 1
00:02:59 | INFO: Extracting primitive: Cube.1094
00:02:59 | INFO: Primitives created: 1
00:02:59 | INFO: Extracting primitive: Cube.1097
00:02:59 | INFO: Primitives created: 1
00:02:59 | INFO: Extracting primitive: Cube.1100
00:02:59 | INFO: Primitives created: 1
00:02:59 | INFO: Extracting primitive: Cube.1084
00:02:59 | INFO: Primitives created: 1
00:02:59 | INFO: Extracting primitive: Cube.1087
00:02:59 | INFO: Primitives created: 1
00:02:59 | INFO: Extracting primitive: Cube.1090
00:02:59 | INFO: Primitives created: 1
00:02:59 | INFO: Extracting primitive: Cube.1093
00:02:59 | INFO: Primitives created: 1
00:02:59 | INFO: Extracting primitive: Cube.1096
00:02:59 | INFO: Primitives created: 1
00:02:59 | INFO: Extracting primitive: Cube.1099
00:02:59 | INFO: Primitives created: 1
00:02:59 | INFO: Extracting primitive: Cylinder.008
00:02:59 | INFO: Primitives created: 1
00:02:59 | INFO: Extracting primitive: Cube.1086
00:02:59 | INFO: Primitives created: 1
00:02:59 | INFO: Extracting primitive: Cube.1089
00:02:59 | INFO: Primitives created: 1
00:02:59 | INFO: Extracting primitive: Cube.1092
00:02:59 | INFO: Primitives created: 1
00:02:59 | INFO: Extracting primitive: Cube.1095
00:02:59 | INFO: Primitives created: 1
00:02:59 | INFO: Extracting primitive: Cube.1098
00:02:59 | INFO: Primitives created: 1
00:02:59 | INFO: Extracting primitive: Cube.1101
00:02:59 | INFO: Primitives created: 1
00:02:59 | INFO: Extracting primitive: Cube.1224
00:02:59 | INFO: Primitives created: 1
00:02:59 | INFO: Extracting primitive: Cube.1226
00:02:59 | INFO: Primitives created: 1
00:02:59 | INFO: Extracting primitive: Cube.1227
00:02:59 | INFO: Primitives created: 1
00:02:59 | INFO: Extracting primitive: Cube.1225
00:02:59 | INFO: Primitives created: 1
00:02:59 | INFO: Extracting primitive: Cube.1179
00:02:59 | INFO: Primitives created: 1
00:02:59 | INFO: Extracting primitive: Cube.1204
00:02:59 | INFO: Primitives created: 1
00:02:59 | INFO: Extracting primitive: Cube.1205
00:02:59 | INFO: Primitives created: 1
00:02:59 | INFO: Extracting primitive: Cube.1206
00:02:59 | INFO: Primitives created: 1
00:02:59 | INFO: Extracting primitive: Cube.1207
00:02:59 | INFO: Primitives created: 1
00:02:59 | INFO: Extracting primitive: Cube.1180
00:02:59 | INFO: Primitives created: 1
00:02:59 | INFO: Extracting primitive: Cube.1181
00:02:59 | INFO: Primitives created: 1
00:02:59 | INFO: Extracting primitive: Cube.1182
00:02:59 | INFO: Primitives created: 1
00:02:59 | INFO: Extracting primitive: Cube.1183
00:02:59 | INFO: Primitives created: 1
00:02:59 | INFO: Extracting primitive: Cube.1184
00:02:59 | INFO: Primitives created: 1
00:02:59 | INFO: Extracting primitive: Cube.1185
00:02:59 | INFO: Primitives created: 1
00:02:59 | INFO: Extracting primitive: Cube.1186
00:02:59 | INFO: Primitives created: 1
00:02:59 | INFO: Extracting primitive: Cube.1187
00:02:59 | INFO: Primitives created: 1
00:02:59 | INFO: Extracting primitive: Cube.1188
00:02:59 | INFO: Primitives created: 1
00:02:59 | INFO: Extracting primitive: Cube.1189
00:02:59 | INFO: Primitives created: 1
00:02:59 | INFO: Extracting primitive: Cube.1190
00:02:59 | INFO: Primitives created: 1
00:02:59 | INFO: Extracting primitive: Cube.1191
00:03:00 | INFO: Primitives created: 1
00:03:00 | INFO: Extracting primitive: Cube.1192
00:03:00 | INFO: Primitives created: 1
00:03:00 | INFO: Extracting primitive: Cube.1193
00:03:00 | INFO: Primitives created: 1
00:03:00 | INFO: Extracting primitive: Cube.1194
00:03:00 | INFO: Primitives created: 1
00:03:00 | INFO: Extracting primitive: Cube.1195
00:03:00 | INFO: Primitives created: 1
00:03:00 | INFO: Extracting primitive: Cube.1196
00:03:00 | INFO: Primitives created: 1
00:03:00 | INFO: Extracting primitive: Cube.1197
00:03:00 | INFO: Primitives created: 1
00:03:00 | INFO: Extracting primitive: Cube.1198
00:03:00 | INFO: Primitives created: 1
00:03:00 | INFO: Extracting primitive: Cube.1199
00:03:00 | INFO: Primitives created: 1
00:03:00 | INFO: Extracting primitive: Cube.1200
00:03:00 | INFO: Primitives created: 1
00:03:00 | INFO: Extracting primitive: Cube.1201
00:03:00 | INFO: Primitives created: 1
00:03:00 | INFO: Extracting primitive: Cube.1202
00:03:00 | INFO: Primitives created: 1
00:03:00 | INFO: Extracting primitive: Cube.1203
00:03:00 | INFO: Primitives created: 1
00:03:00 | INFO: Extracting primitive: Cube.1178
00:03:00 | INFO: Primitives created: 1
00:03:00 | INFO: Extracting primitive: Text 3V3
00:03:00 | INFO: Primitives created: 1
00:03:00 | INFO: Extracting primitive: Text BOOT
00:03:00 | INFO: Primitives created: 1
00:03:00 | INFO: Extracting primitive: Text CHG
00:03:00 | INFO: Primitives created: 1
00:03:00 | INFO: Extracting primitive: Text GND
00:03:00 | INFO: Primitives created: 1
00:03:00 | INFO: Extracting primitive: Text IO0
00:03:00 | INFO: Primitives created: 1
00:03:00 | INFO: Extracting primitive: Text PWR
00:03:00 | INFO: Primitives created: 1
00:03:00 | INFO: Extracting primitive: Text RST
00:03:00 | INFO: Primitives created: 1
00:03:00 | INFO: Extracting primitive: Text RX
00:03:00 | INFO: Primitives created: 1
00:03:00 | INFO: Extracting primitive: Text TX
00:03:00 | INFO: Primitives created: 1
00:03:00 | INFO: Extracting primitive: Text USB-C
00:03:00 | INFO: Primitives created: 1
00:03:00 | INFO: Extracting primitive: Cube.1220
00:03:00 | INFO: Primitives created: 1
00:03:00 | INFO: Extracting primitive: Cube.1222
00:03:00 | INFO: Primitives created: 1
00:03:00 | INFO: Extracting primitive: Cube.1223
00:03:00 | INFO: Primitives created: 1
00:03:00 | INFO: Extracting primitive: Cube.1221
00:03:00 | INFO: Primitives created: 1
00:03:00 | INFO: Extracting primitive: Cylinder.009
00:03:00 | INFO: Primitives created: 1
00:03:00 | INFO: Extracting primitive: Cube.1210
00:03:00 | INFO: Primitives created: 1
00:03:00 | INFO: Extracting primitive: Cube.1211
00:03:00 | INFO: Primitives created: 1
00:03:00 | INFO: Extracting primitive: Cube.1212
00:03:00 | INFO: Primitives created: 1
00:03:00 | INFO: Extracting primitive: Cube.1213
00:03:00 | INFO: Primitives created: 1
00:03:00 | INFO: Extracting primitive: Cube.1209
00:03:00 | INFO: Primitives created: 1
00:03:00 | INFO: Extracting primitive: Cube.1208
00:03:00 | INFO: Primitives created: 1
00:03:00 | INFO: Extracting primitive: Cylinder.010
00:03:00 | INFO: Primitives created: 1
00:03:00 | INFO: Extracting primitive: Cube.1216
00:03:00 | INFO: Primitives created: 1
00:03:00 | INFO: Extracting primitive: Cube.1217
00:03:00 | INFO: Primitives created: 1
00:03:00 | INFO: Extracting primitive: Cube.1218
00:03:00 | INFO: Primitives created: 1
00:03:00 | INFO: Extracting primitive: Cube.1219
00:03:00 | INFO: Primitives created: 1
00:03:00 | INFO: Extracting primitive: Cube.1215
00:03:00 | INFO: Primitives created: 1
00:03:00 | INFO: Extracting primitive: Cube.1214
00:03:00 | INFO: Primitives created: 1
00:03:00 | INFO: Extracting primitive: Cylinder.011
00:03:00 | INFO: Primitives created: 1
00:03:00 | INFO: Extracting primitive: Cylinder.012
00:03:00 | INFO: Primitives created: 1
00:03:00 | INFO: Extracting primitive: Cylinder.013
00:03:00 | INFO: Primitives created: 1
00:03:00 | INFO: Extracting primitive: Cylinder.014
00:03:00 | INFO: Primitives created: 1
00:03:00 | INFO: Extracting primitive: Cylinder.015
00:03:00 | INFO: Primitives created: 1
00:03:00 | INFO: Extracting primitive: Cube.1249
00:03:00 | INFO: Primitives created: 1
00:03:00 | INFO: Extracting primitive: Cube.1251
00:03:00 | INFO: Primitives created: 1
00:03:00 | INFO: Extracting primitive: Cube.1253
00:03:00 | INFO: Primitives created: 1
00:03:00 | INFO: Extracting primitive: Cube.1250
00:03:00 | INFO: Primitives created: 1
00:03:00 | INFO: Extracting primitive: Cube.1252
00:03:00 | INFO: Primitives created: 1
00:03:00 | INFO: Extracting primitive: Cube.1254
00:03:00 | INFO: Primitives created: 1
00:03:00 | INFO: Extracting primitive: Cube.1256
00:03:00 | INFO: Primitives created: 1
00:03:00 | INFO: Extracting primitive: Cube.1258
00:03:00 | INFO: Primitives created: 1
00:03:00 | INFO: Extracting primitive: Cube.1255
00:03:00 | INFO: Primitives created: 1
00:03:00 | INFO: Extracting primitive: Cube.1257
00:03:00 | INFO: Primitives created: 1
00:03:00 | INFO: Extracting primitive: Cube.1259
00:03:00 | INFO: Primitives created: 1
00:03:00 | INFO: Extracting primitive: Cube.1261
00:03:00 | INFO: Primitives created: 1
00:03:00 | INFO: Extracting primitive: Cube.1263
00:03:00 | INFO: Primitives created: 1
00:03:00 | INFO: Extracting primitive: Cube.1260
00:03:00 | INFO: Primitives created: 1
00:03:00 | INFO: Extracting primitive: Cube.1262
00:03:00 | INFO: Primitives created: 1
00:03:00 | INFO: Extracting primitive: Cube.1264
00:03:00 | INFO: Primitives created: 1
00:03:00 | INFO: Extracting primitive: Cube.1266
00:03:00 | INFO: Primitives created: 1
00:03:00 | INFO: Extracting primitive: Cube.1268
00:03:00 | INFO: Primitives created: 1
00:03:00 | INFO: Extracting primitive: Cube.1265
00:03:00 | INFO: Primitives created: 1
00:03:00 | INFO: Extracting primitive: Cube.1267
00:03:00 | INFO: Primitives created: 1
00:03:00 | INFO: Extracting primitive: Text OPTICAL / SKIN
00:03:00 | INFO: Primitives created: 1
00:03:00 | INFO: Extracting primitive: Text U2 / MAX30102
00:03:00 | INFO: Primitives created: 1
00:03:00 | INFO: Extracting primitive: Cube.1230
00:03:00 | INFO: Primitives created: 1
00:03:00 | INFO: Extracting primitive: Cube.1232
00:03:00 | INFO: Primitives created: 1
00:03:00 | INFO: Extracting primitive: Cube.1231
00:03:00 | INFO: Primitives created: 1
00:03:00 | INFO: Extracting primitive: Cube.1233
00:03:00 | INFO: Primitives created: 1
00:03:00 | INFO: Extracting primitive: Cube.1235
00:03:00 | INFO: Primitives created: 1
00:03:00 | INFO: Extracting primitive: Cube.1236
00:03:00 | INFO: Primitives created: 1
00:03:00 | INFO: Extracting primitive: Cube.1237
00:03:00 | INFO: Primitives created: 1
00:03:00 | INFO: Extracting primitive: Cube.1238
00:03:00 | INFO: Primitives created: 1
00:03:00 | INFO: Extracting primitive: Cube.1239
00:03:00 | INFO: Primitives created: 1
00:03:00 | INFO: Extracting primitive: Cube.1240
00:03:00 | INFO: Primitives created: 1
00:03:00 | INFO: Extracting primitive: Cube.1241
00:03:00 | INFO: Primitives created: 1
00:03:00 | INFO: Extracting primitive: Cube.1242
00:03:00 | INFO: Primitives created: 1
00:03:00 | INFO: Extracting primitive: Cube.1243
00:03:00 | INFO: Primitives created: 1
00:03:00 | INFO: Extracting primitive: Cube.1244
00:03:00 | INFO: Primitives created: 1
00:03:00 | INFO: Extracting primitive: Cube.1245
00:03:00 | INFO: Primitives created: 1
00:03:00 | INFO: Extracting primitive: Cube.1246
00:03:00 | INFO: Primitives created: 1
00:03:00 | INFO: Extracting primitive: Cube.1247
00:03:00 | INFO: Primitives created: 1
00:03:00 | INFO: Extracting primitive: Cube.1248
00:03:00 | INFO: Primitives created: 1
00:03:00 | INFO: Extracting primitive: Cube.1228
00:03:00 | INFO: Primitives created: 1
00:03:00 | INFO: Extracting primitive: Cube.1229
00:03:00 | INFO: Primitives created: 1
00:03:00 | INFO: Extracting primitive: Cube.1234
00:03:00 | INFO: Primitives created: 1
00:03:00 | INFO: Extracting primitive: Text DS18B20
00:03:00 | INFO: Primitives created: 1
00:03:00 | INFO: Extracting primitive: Text SKIN TEMP
00:03:00 | INFO: Primitives created: 1
00:03:00 | INFO: Extracting primitive: Text U4
00:03:00 | INFO: Primitives created: 1
00:03:00 | INFO: Extracting primitive: Cube.1294
00:03:00 | INFO: Primitives created: 1
00:03:00 | INFO: Extracting primitive: Cube.1296
00:03:00 | INFO: Primitives created: 1
00:03:00 | INFO: Extracting primitive: Cube.1298
00:03:00 | INFO: Primitives created: 1
00:03:00 | INFO: Extracting primitive: Cube.1295
00:03:00 | INFO: Primitives created: 1
00:03:00 | INFO: Extracting primitive: Cube.1297
00:03:00 | INFO: Primitives created: 1
00:03:00 | INFO: Extracting primitive: Cube.1269
00:03:00 | INFO: Primitives created: 1
00:03:00 | INFO: Extracting primitive: Cube.1271
00:03:00 | INFO: Primitives created: 1
00:03:00 | INFO: Extracting primitive: Cube.1274
00:03:00 | INFO: Primitives created: 1
00:03:00 | INFO: Extracting primitive: Cube.1277
00:03:00 | INFO: Primitives created: 1
00:03:00 | INFO: Extracting primitive: Cube.1280
00:03:00 | INFO: Primitives created: 1
00:03:00 | INFO: Extracting primitive: Cube.1283
00:03:00 | INFO: Primitives created: 1
00:03:00 | INFO: Extracting primitive: Cube.1286
00:03:00 | INFO: Primitives created: 1
00:03:00 | INFO: Extracting primitive: Cube.1289
00:03:00 | INFO: Primitives created: 1
00:03:00 | INFO: Extracting primitive: Cube.1292
00:03:00 | INFO: Primitives created: 1
00:03:00 | INFO: Extracting primitive: Cube.1270
00:03:00 | INFO: Primitives created: 1
00:03:00 | INFO: Extracting primitive: Cube.1273
00:03:00 | INFO: Primitives created: 1
00:03:00 | INFO: Extracting primitive: Cube.1276
00:03:00 | INFO: Primitives created: 1
00:03:00 | INFO: Extracting primitive: Cube.1279
00:03:00 | INFO: Primitives created: 1
00:03:00 | INFO: Extracting primitive: Cube.1282
00:03:00 | INFO: Primitives created: 1
00:03:00 | INFO: Extracting primitive: Cube.1285
00:03:00 | INFO: Primitives created: 1
00:03:00 | INFO: Extracting primitive: Cube.1288
00:03:00 | INFO: Primitives created: 1
00:03:00 | INFO: Extracting primitive: Cube.1291
00:03:00 | INFO: Primitives created: 1
00:03:00 | INFO: Extracting primitive: Cylinder.016
00:03:00 | INFO: Primitives created: 1
00:03:00 | INFO: Extracting primitive: Cube.1272
00:03:00 | INFO: Primitives created: 1
00:03:00 | INFO: Extracting primitive: Cube.1275
00:03:00 | INFO: Primitives created: 1
00:03:00 | INFO: Extracting primitive: Cube.1278
00:03:00 | INFO: Primitives created: 1
00:03:00 | INFO: Extracting primitive: Cube.1281
00:03:00 | INFO: Primitives created: 1
00:03:00 | INFO: Extracting primitive: Cube.1284
00:03:00 | INFO: Primitives created: 1
00:03:00 | INFO: Extracting primitive: Cube.1287
00:03:00 | INFO: Primitives created: 1
00:03:00 | INFO: Extracting primitive: Cube.1290
00:03:00 | INFO: Primitives created: 1
00:03:00 | INFO: Extracting primitive: Cube.1293
00:03:00 | INFO: Primitives created: 1
00:03:00 | INFO: Extracting primitive: Bottom visual route 0
00:03:00 | INFO: Primitives created: 1
00:03:00 | INFO: Extracting primitive: Bottom visual route 1
00:03:00 | INFO: Primitives created: 1
00:03:00 | INFO: Extracting primitive: Bottom visual route 2
00:03:00 | INFO: Primitives created: 1
00:03:00 | INFO: Extracting primitive: Bottom visual route 3
00:03:00 | INFO: Primitives created: 1
00:03:00 | INFO: Extracting primitive: Cylinder.017
00:03:00 | INFO: Primitives created: 1
00:03:00 | INFO: Extracting primitive: Cylinder.018
00:03:00 | INFO: Primitives created: 1
00:03:00 | INFO: Extracting primitive: Cylinder.019
00:03:00 | INFO: Primitives created: 1
00:03:00 | INFO: Extracting primitive: Text 3D ASSEMBLY CONCEPT
00:03:00 | INFO: Primitives created: 1
00:03:00 | INFO: Extracting primitive: Text G1
00:03:00 | INFO: Primitives created: 1
00:03:00 | INFO: Extracting primitive: Text G1.001
00:03:00 | INFO: Primitives created: 1
00:03:00 | INFO: Extracting primitive: Text G-ONE WEARABLE
00:03:00 | INFO: Primitives created: 1
00:03:00 | INFO: Extracting primitive: Text REV A
00:03:00 | INFO: Primitives created: 1
00:03:00 | INFO: Extracting primitive: Text REV A  /  64 x 44 mm
00:03:00 | INFO: Primitives created: 1
00:03:00 | INFO: Extracting primitive: Visual routing 0.0 | NOT a netlist
00:03:00 | INFO: Primitives created: 1
00:03:00 | INFO: Extracting primitive: Visual routing 0.1 | NOT a netlist
00:03:00 | INFO: Primitives created: 1
00:03:00 | INFO: Extracting primitive: Visual routing 1.0 | NOT a netlist
00:03:00 | INFO: Primitives created: 1
00:03:00 | INFO: Extracting primitive: Visual routing 1.1 | NOT a netlist
00:03:00 | INFO: Primitives created: 1
00:03:00 | INFO: Extracting primitive: Visual routing 2.0 | NOT a netlist
00:03:00 | INFO: Primitives created: 1
00:03:00 | INFO: Extracting primitive: Visual routing 2.1 | NOT a netlist
00:03:00 | INFO: Primitives created: 1
00:03:00 | INFO: Extracting primitive: Visual routing 3.0 | NOT a netlist
00:03:00 | INFO: Primitives created: 1
00:03:00 | INFO: Extracting primitive: Visual routing 3.1 | NOT a netlist
00:03:00 | INFO: Primitives created: 1
00:03:00 | INFO: Extracting primitive: Visual routing 4.0 | NOT a netlist
00:03:00 | INFO: Primitives created: 1
00:03:00 | INFO: Extracting primitive: Visual routing 4.1 | NOT a netlist
00:03:00 | INFO: Primitives created: 1
00:03:00 | INFO: Extracting primitive: Visual routing 5.0 | NOT a netlist
00:03:00 | INFO: Primitives created: 1
00:03:00 | INFO: Extracting primitive: Visual routing 6.0 | NOT a netlist
00:03:00 | INFO: Primitives created: 1
00:03:00 | INFO: Extracting primitive: Visual routing 7.0 | NOT a netlist
00:03:00 | INFO: Primitives created: 1
00:03:00 | INFO: Extracting primitive: Visual routing 8.0 | NOT a netlist
00:03:00 | INFO: Primitives created: 1
00:03:00 | INFO: Extracting primitive: Visual routing 9.0 | NOT a netlist
00:03:00 | INFO: Primitives created: 1
00:03:00 | INFO: Extracting primitive: Visual routing 10.0 | NOT a netlist
00:03:00 | INFO: Primitives created: 1
00:03:00 | INFO: Extracting primitive: Visual routing 11.0 | NOT a netlist
00:03:00 | INFO: Primitives created: 1
00:03:00 | INFO: Extracting primitive: Visual routing 12.0 | NOT a netlist
00:03:00 | INFO: Primitives created: 1
00:03:00 | INFO: Extracting primitive: Visual routing 13.0 | NOT a netlist
00:03:00 | INFO: Primitives created: 1
00:03:01 | INFO: Finished glTF 2.0 export in 7.254934549331665 s

00:03:01 | INFO: Data are loaded, start creating Blender stuff
00:03:01 | INFO: Blender create Mesh node H1 | annular land.002
00:03:01 | INFO: Blender create Mesh node H1 | annular land.003
00:03:01 | INFO: Blender create Mesh node H1 | barrel.001
00:03:01 | INFO: Blender create Mesh node H2 | annular land.002
00:03:01 | INFO: Blender create Mesh node H2 | annular land.003
00:03:01 | INFO: Blender create Mesh node H2 | barrel.001
00:03:01 | INFO: Blender create Mesh node H3 | annular land.002
00:03:01 | INFO: Blender create Mesh node H3 | annular land.003
00:03:01 | INFO: Blender create Mesh node H3 | barrel.001
00:03:01 | INFO: Blender create Mesh node H4 | annular land.002
00:03:01 | INFO: Blender create Mesh node H4 | annular land.003
00:03:01 | INFO: Blender create Mesh node H4 | barrel.001
00:03:01 | INFO: Blender create Mesh node H5 | annular land.002
00:03:01 | INFO: Blender create Mesh node H5 | annular land.003
00:03:01 | INFO: Blender create Mesh node H5 | barrel.001
00:03:01 | INFO: Blender create Mesh node H6 | annular land.002
00:03:01 | INFO: Blender create Mesh node H6 | annular land.003
00:03:01 | INFO: Blender create Mesh node H6 | barrel.001
00:03:01 | INFO: Blender create Mesh node PCB | 44 x 64 x 1.00 mm.001
00:03:01 | INFO: Blender create Mesh node V001 | ENIG ring.002
00:03:01 | INFO: Blender create Mesh node V001 | ENIG ring.003
00:03:01 | INFO: Blender create Mesh node V001 | plated through via.001
00:03:01 | INFO: Blender create Mesh node V002 | ENIG ring.002
00:03:01 | INFO: Blender create Mesh node V002 | ENIG ring.003
00:03:01 | INFO: Blender create Mesh node V002 | plated through via.001
00:03:01 | INFO: Blender create Mesh node V003 | ENIG ring.002
00:03:01 | INFO: Blender create Mesh node V003 | ENIG ring.003
00:03:01 | INFO: Blender create Mesh node V003 | plated through via.001
00:03:01 | INFO: Blender create Mesh node V004 | ENIG ring.002
00:03:01 | INFO: Blender create Mesh node V004 | ENIG ring.003
00:03:01 | INFO: Blender create Mesh node V004 | plated through via.001
00:03:01 | INFO: Blender create Mesh node V005 | ENIG ring.002
00:03:01 | INFO: Blender create Mesh node V005 | ENIG ring.003
00:03:01 | INFO: Blender create Mesh node V005 | plated through via.001
00:03:01 | INFO: Blender create Mesh node V006 | ENIG ring.002
00:03:01 | INFO: Blender create Mesh node V006 | ENIG ring.003
00:03:01 | INFO: Blender create Mesh node V006 | plated through via.001
00:03:01 | INFO: Blender create Mesh node V007 | ENIG ring.002
00:03:01 | INFO: Blender create Mesh node V007 | ENIG ring.003
00:03:01 | INFO: Blender create Mesh node V007 | plated through via.001
00:03:01 | INFO: Blender create Mesh node V008 | ENIG ring.002
00:03:01 | INFO: Blender create Mesh node V008 | ENIG ring.003
00:03:01 | INFO: Blender create Mesh node V008 | plated through via.001
00:03:01 | INFO: Blender create Mesh node V009 | ENIG ring.002
00:03:01 | INFO: Blender create Mesh node V009 | ENIG ring.003
00:03:01 | INFO: Blender create Mesh node V009 | plated through via.001
00:03:01 | INFO: Blender create Mesh node V010 | ENIG ring.002
00:03:01 | INFO: Blender create Mesh node V010 | ENIG ring.003
00:03:01 | INFO: Blender create Mesh node V010 | plated through via.001
00:03:01 | INFO: Blender create Mesh node V011 | ENIG ring.002
00:03:01 | INFO: Blender create Mesh node V011 | ENIG ring.003
00:03:01 | INFO: Blender create Mesh node V011 | plated through via.001
00:03:01 | INFO: Blender create Mesh node V012 | ENIG ring.002
00:03:01 | INFO: Blender create Mesh node V012 | ENIG ring.003
00:03:01 | INFO: Blender create Mesh node V012 | plated through via.001
00:03:01 | INFO: Blender create Mesh node V013 | ENIG ring.002
00:03:01 | INFO: Blender create Mesh node V013 | ENIG ring.003
00:03:01 | INFO: Blender create Mesh node V013 | plated through via.001
00:03:01 | INFO: Blender create Mesh node V014 | ENIG ring.002
00:03:01 | INFO: Blender create Mesh node V014 | ENIG ring.003
00:03:01 | INFO: Blender create Mesh node V014 | plated through via.001
00:03:01 | INFO: Blender create Mesh node V015 | ENIG ring.002
00:03:01 | INFO: Blender create Mesh node V015 | ENIG ring.003
00:03:01 | INFO: Blender create Mesh node V015 | plated through via.001
00:03:01 | INFO: Blender create Mesh node V016 | ENIG ring.002
00:03:01 | INFO: Blender create Mesh node V016 | ENIG ring.003
00:03:01 | INFO: Blender create Mesh node V016 | plated through via.001
00:03:01 | INFO: Blender create Mesh node V017 | ENIG ring.002
00:03:01 | INFO: Blender create Mesh node V017 | ENIG ring.003
00:03:01 | INFO: Blender create Mesh node V017 | plated through via.001
00:03:01 | INFO: Blender create Mesh node V018 | ENIG ring.002
00:03:01 | INFO: Blender create Mesh node V018 | ENIG ring.003
00:03:01 | INFO: Blender create Mesh node V018 | plated through via.001
00:03:01 | INFO: Blender create Mesh node V019 | ENIG ring.002
00:03:01 | INFO: Blender create Mesh node V019 | ENIG ring.003
00:03:01 | INFO: Blender create Mesh node V019 | plated through via.001
00:03:01 | INFO: Blender create Mesh node V020 | ENIG ring.002
00:03:02 | INFO: Blender create Mesh node V020 | ENIG ring.003
00:03:02 | INFO: Blender create Mesh node V020 | plated through via.001
00:03:02 | INFO: Blender create Mesh node V021 | ENIG ring.002
00:03:02 | INFO: Blender create Mesh node V021 | ENIG ring.003
00:03:02 | INFO: Blender create Mesh node V021 | plated through via.001
00:03:02 | INFO: Blender create Mesh node V022 | ENIG ring.002
00:03:02 | INFO: Blender create Mesh node V022 | ENIG ring.003
00:03:02 | INFO: Blender create Mesh node V022 | plated through via.001
00:03:02 | INFO: Blender create Mesh node V023 | ENIG ring.002
00:03:02 | INFO: Blender create Mesh node V023 | ENIG ring.003
00:03:02 | INFO: Blender create Mesh node V023 | plated through via.001
00:03:02 | INFO: Blender create Mesh node V024 | ENIG ring.002
00:03:02 | INFO: Blender create Mesh node V024 | ENIG ring.003
00:03:02 | INFO: Blender create Mesh node V024 | plated through via.001
00:03:02 | INFO: Blender create Mesh node V025 | ENIG ring.002
00:03:02 | INFO: Blender create Mesh node V025 | ENIG ring.003
00:03:02 | INFO: Blender create Mesh node V025 | plated through via.001
00:03:02 | INFO: Blender create Mesh node V026 | ENIG ring.002
00:03:02 | INFO: Blender create Mesh node V026 | ENIG ring.003
00:03:02 | INFO: Blender create Mesh node V026 | plated through via.001
00:03:02 | INFO: Blender create Mesh node V027 | ENIG ring.002
00:03:02 | INFO: Blender create Mesh node V027 | ENIG ring.003
00:03:02 | INFO: Blender create Mesh node V027 | plated through via.001
00:03:02 | INFO: Blender create Mesh node V028 | ENIG ring.002
00:03:02 | INFO: Blender create Mesh node V028 | ENIG ring.003
00:03:02 | INFO: Blender create Mesh node V028 | plated through via.001
00:03:02 | INFO: Blender create Mesh node V029 | ENIG ring.002
00:03:02 | INFO: Blender create Mesh node V029 | ENIG ring.003
00:03:02 | INFO: Blender create Mesh node V029 | plated through via.001
00:03:02 | INFO: Blender create Mesh node V030 | ENIG ring.002
00:03:02 | INFO: Blender create Mesh node V030 | ENIG ring.003
00:03:02 | INFO: Blender create Mesh node V030 | plated through via.001
00:03:02 | INFO: Blender create Mesh node V031 | ENIG ring.002
00:03:02 | INFO: Blender create Mesh node V031 | ENIG ring.003
00:03:02 | INFO: Blender create Mesh node V031 | plated through via.001
00:03:02 | INFO: Blender create Mesh node V032 | ENIG ring.002
00:03:02 | INFO: Blender create Mesh node V032 | ENIG ring.003
00:03:02 | INFO: Blender create Mesh node V032 | plated through via.001
00:03:02 | INFO: Blender create Mesh node V033 | ENIG ring.002
00:03:02 | INFO: Blender create Mesh node V033 | ENIG ring.003
00:03:02 | INFO: Blender create Mesh node V033 | plated through via.001
00:03:02 | INFO: Blender create Mesh node V034 | ENIG ring.002
00:03:02 | INFO: Blender create Mesh node V034 | ENIG ring.003
00:03:02 | INFO: Blender create Mesh node V034 | plated through via.001
00:03:02 | INFO: Blender create Mesh node V035 | ENIG ring.002
00:03:02 | INFO: Blender create Mesh node V035 | ENIG ring.003
00:03:02 | INFO: Blender create Mesh node V035 | plated through via.001
00:03:02 | INFO: Blender create Mesh node V036 | ENIG ring.002
00:03:02 | INFO: Blender create Mesh node V036 | ENIG ring.003
00:03:02 | INFO: Blender create Mesh node V036 | plated through via.001
00:03:02 | INFO: Blender create Mesh node V037 | ENIG ring.002
00:03:02 | INFO: Blender create Mesh node V037 | ENIG ring.003
00:03:02 | INFO: Blender create Mesh node V037 | plated through via.001
00:03:02 | INFO: Blender create Mesh node V038 | ENIG ring.002
00:03:02 | INFO: Blender create Mesh node V038 | ENIG ring.003
00:03:02 | INFO: Blender create Mesh node V038 | plated through via.001
00:03:02 | INFO: Blender create Mesh node V039 | ENIG ring.002
00:03:02 | INFO: Blender create Mesh node V039 | ENIG ring.003
00:03:02 | INFO: Blender create Mesh node V039 | plated through via.001
00:03:02 | INFO: Blender create Mesh node V040 | ENIG ring.002
00:03:02 | INFO: Blender create Mesh node V040 | ENIG ring.003
00:03:02 | INFO: Blender create Mesh node V040 | plated through via.001
00:03:02 | INFO: Blender create Mesh node V041 | ENIG ring.002
00:03:02 | INFO: Blender create Mesh node V041 | ENIG ring.003
00:03:02 | INFO: Blender create Mesh node V041 | plated through via.001
00:03:02 | INFO: Blender create Mesh node V042 | ENIG ring.002
00:03:02 | INFO: Blender create Mesh node V042 | ENIG ring.003
00:03:02 | INFO: Blender create Mesh node V042 | plated through via.001
00:03:02 | INFO: Blender create Mesh node V043 | ENIG ring.002
00:03:02 | INFO: Blender create Mesh node V043 | ENIG ring.003
00:03:02 | INFO: Blender create Mesh node V043 | plated through via.001
00:03:02 | INFO: Blender create Mesh node V044 | ENIG ring.002
00:03:02 | INFO: Blender create Mesh node V044 | ENIG ring.003
00:03:02 | INFO: Blender create Mesh node V044 | plated through via.001
00:03:02 | INFO: Blender create Mesh node Text 16MB FLASH / 8MB PSRAM
00:03:02 | INFO: Blender create Mesh node Text ESP32-S3-WROOM-1
00:03:02 | INFO: Blender create Mesh node Text ESPRESSIF
00:03:02 | INFO: Blender create Mesh node Text G-one  /  BLE
00:03:02 | INFO: Blender create Mesh node Text N16R8
00:03:02 | INFO: Blender create Mesh node Cube.681
00:03:02 | INFO: Blender create Mesh node Cube.683
00:03:02 | INFO: Blender create Mesh node Cube.685
00:03:02 | INFO: Blender create Mesh node Cube.687
00:03:02 | INFO: Blender create Mesh node Cube.689
00:03:02 | INFO: Blender create Mesh node Cube.691
00:03:02 | INFO: Blender create Mesh node Cube.693
00:03:02 | INFO: Blender create Mesh node Cube.695
00:03:02 | INFO: Blender create Mesh node Cube.697
00:03:02 | INFO: Blender create Mesh node Cube.699
00:03:02 | INFO: Blender create Mesh node Cube.701
00:03:02 | INFO: Blender create Mesh node Cube.703
00:03:02 | INFO: Blender create Mesh node Cube.705
00:03:02 | INFO: Blender create Mesh node Cube.707
00:03:02 | INFO: Blender create Mesh node Cube.003
00:03:02 | INFO: Blender create Mesh node Cube.655
00:03:02 | INFO: Blender create Mesh node Cube.657
00:03:02 | INFO: Blender create Mesh node Cube.659
00:03:02 | INFO: Blender create Mesh node Cube.661
00:03:02 | INFO: Blender create Mesh node Cube.663
00:03:02 | INFO: Blender create Mesh node Cube.665
00:03:02 | INFO: Blender create Mesh node Cube.667
00:03:02 | INFO: Blender create Mesh node Cube.669
00:03:02 | INFO: Blender create Mesh node Cube.671
00:03:02 | INFO: Blender create Mesh node Cube.673
00:03:02 | INFO: Blender create Mesh node Cube.675
00:03:02 | INFO: Blender create Mesh node Cube.677
00:03:02 | INFO: Blender create Mesh node Cube.679
00:03:02 | INFO: Blender create Mesh node Cube.721
00:03:02 | INFO: Blender create Mesh node Cube.722
00:03:02 | INFO: Blender create Mesh node Cube.723
00:03:02 | INFO: Blender create Mesh node Cube.724
00:03:02 | INFO: Blender create Mesh node Cube.725
00:03:02 | INFO: Blender create Mesh node Cube.726
00:03:02 | INFO: Blender create Mesh node Cube.727
00:03:02 | INFO: Blender create Mesh node Cube.728
00:03:02 | INFO: Blender create Mesh node Cube.729
00:03:02 | INFO: Blender create Mesh node Cube.730
00:03:02 | INFO: Blender create Mesh node Cube.731
00:03:02 | INFO: Blender create Mesh node Cube.732
00:03:02 | INFO: Blender create Mesh node Cube.733
00:03:02 | INFO: Blender create Mesh node Cube.734
00:03:02 | INFO: Blender create Mesh node Cube.735
00:03:02 | INFO: Blender create Mesh node Cube.736
00:03:02 | INFO: Blender create Mesh node Cube.737
00:03:02 | INFO: Blender create Mesh node Cube.738
00:03:02 | INFO: Blender create Mesh node Cube.739
00:03:02 | INFO: Blender create Mesh node Cube.740
00:03:02 | INFO: Blender create Mesh node Cube.741
00:03:02 | INFO: Blender create Mesh node Cube.742
00:03:02 | INFO: Blender create Mesh node Cube.743
00:03:02 | INFO: Blender create Mesh node Cube.744
00:03:02 | INFO: Blender create Mesh node Cube.745
00:03:02 | INFO: Blender create Mesh node Cube.746
00:03:02 | INFO: Blender create Mesh node Cube.747
00:03:02 | INFO: Blender create Mesh node Cube.748
00:03:02 | INFO: Blender create Mesh node Cube.749
00:03:02 | INFO: Blender create Mesh node Cube.750
00:03:02 | INFO: Blender create Mesh node Cube.751
00:03:02 | INFO: Blender create Mesh node Cube.752
00:03:02 | INFO: Blender create Mesh node Cube.753
00:03:02 | INFO: Blender create Mesh node Cube.754
00:03:02 | INFO: Blender create Mesh node Cube.755
00:03:02 | INFO: Blender create Mesh node Cube.756
00:03:02 | INFO: Blender create Mesh node Cube.757
00:03:02 | INFO: Blender create Mesh node Cube.758
00:03:02 | INFO: Blender create Mesh node Cube.759
00:03:02 | INFO: Blender create Mesh node Cube.760
00:03:02 | INFO: Blender create Mesh node Cube.761
00:03:02 | INFO: Blender create Mesh node Cube.762
00:03:02 | INFO: Blender create Mesh node Cube.763
00:03:02 | INFO: Blender create Mesh node Cube.764
00:03:02 | INFO: Blender create Mesh node Cube.765
00:03:02 | INFO: Blender create Mesh node Cube.766
00:03:02 | INFO: Blender create Mesh node Cube.767
00:03:02 | INFO: Blender create Mesh node Cube.001
00:03:02 | INFO: Blender create Mesh node Cube.002
00:03:02 | INFO: Blender create Mesh node Cube.682
00:03:02 | INFO: Blender create Mesh node Cube.684
00:03:02 | INFO: Blender create Mesh node Cube.686
00:03:02 | INFO: Blender create Mesh node Cube.688
00:03:02 | INFO: Blender create Mesh node Cube.690
00:03:02 | INFO: Blender create Mesh node Cube.692
00:03:02 | INFO: Blender create Mesh node Cube.694
00:03:02 | INFO: Blender create Mesh node Cube.696
00:03:02 | INFO: Blender create Mesh node Cube.698
00:03:02 | INFO: Blender create Mesh node Cube.700
00:03:02 | INFO: Blender create Mesh node Cube.702
00:03:02 | INFO: Blender create Mesh node Cube.704
00:03:02 | INFO: Blender create Mesh node Cube.706
00:03:02 | INFO: Blender create Mesh node Cube.708
00:03:02 | INFO: Blender create Mesh node Cube.532
00:03:02 | INFO: Blender create Mesh node Cube.656
00:03:02 | INFO: Blender create Mesh node Cube.658
00:03:02 | INFO: Blender create Mesh node Cube.660
00:03:02 | INFO: Blender create Mesh node Cube.662
00:03:02 | INFO: Blender create Mesh node Cube.664
00:03:02 | INFO: Blender create Mesh node Cube.666
00:03:02 | INFO: Blender create Mesh node Cube.668
00:03:02 | INFO: Blender create Mesh node Cube.670
00:03:02 | INFO: Blender create Mesh node Cube.672
00:03:02 | INFO: Blender create Mesh node Cube.674
00:03:02 | INFO: Blender create Mesh node Cube.676
00:03:02 | INFO: Blender create Mesh node Cube.678
00:03:02 | INFO: Blender create Mesh node Cube.680
00:03:02 | INFO: Blender create Mesh node Cube.709
00:03:02 | INFO: Blender create Mesh node Cube.710
00:03:02 | INFO: Blender create Mesh node Cube.711
00:03:02 | INFO: Blender create Mesh node Cube.712
00:03:02 | INFO: Blender create Mesh node Cube.713
00:03:02 | INFO: Blender create Mesh node Cube.714
00:03:02 | INFO: Blender create Mesh node Cube.715
00:03:02 | INFO: Blender create Mesh node Cube.716
00:03:02 | INFO: Blender create Mesh node Cube.717
00:03:02 | INFO: Blender create Mesh node Cube.718
00:03:02 | INFO: Blender create Mesh node Cube.719
00:03:02 | INFO: Blender create Mesh node Cube.720
00:03:02 | INFO: Blender create Mesh node U1 | visible antenna meander (illustrative)
00:03:02 | INFO: Blender create Mesh node Cube.793
00:03:02 | INFO: Blender create Mesh node Cube.795
00:03:02 | INFO: Blender create Mesh node Cube.797
00:03:02 | INFO: Blender create Mesh node Cube.794
00:03:02 | INFO: Blender create Mesh node Cube.796
00:03:02 | INFO: Blender create Mesh node Cube.798
00:03:02 | INFO: Blender create Mesh node Cube.800
00:03:02 | INFO: Blender create Mesh node Cube.802
00:03:02 | INFO: Blender create Mesh node Cube.799
00:03:02 | INFO: Blender create Mesh node Cube.801
00:03:02 | INFO: Blender create Mesh node Cube.803
00:03:02 | INFO: Blender create Mesh node Cube.805
00:03:02 | INFO: Blender create Mesh node Cube.807
00:03:02 | INFO: Blender create Mesh node Cube.804
00:03:02 | INFO: Blender create Mesh node Cube.806
00:03:02 | INFO: Blender create Mesh node Cube.808
00:03:02 | INFO: Blender create Mesh node Cube.810
00:03:02 | INFO: Blender create Mesh node Cube.812
00:03:02 | INFO: Blender create Mesh node Cube.809
00:03:02 | INFO: Blender create Mesh node Cube.811
00:03:02 | INFO: Blender create Mesh node Text IMU
00:03:02 | INFO: Blender create Mesh node Text MPU6050
00:03:02 | INFO: Blender create Mesh node Text U3
00:03:02 | INFO: Blender create Mesh node Cube.769
00:03:02 | INFO: Blender create Mesh node Cube.770
00:03:02 | INFO: Blender create Mesh node Cube.771
00:03:02 | INFO: Blender create Mesh node Cube.772
00:03:02 | INFO: Blender create Mesh node Cube.773
00:03:02 | INFO: Blender create Mesh node Cube.774
00:03:02 | INFO: Blender create Mesh node Cube.775
00:03:02 | INFO: Blender create Mesh node Cube.776
00:03:02 | INFO: Blender create Mesh node Cube.777
00:03:02 | INFO: Blender create Mesh node Cube.778
00:03:02 | INFO: Blender create Mesh node Cube.779
00:03:02 | INFO: Blender create Mesh node Cube.780
00:03:02 | INFO: Blender create Mesh node Cube.781
00:03:02 | INFO: Blender create Mesh node Cube.782
00:03:02 | INFO: Blender create Mesh node Cube.783
00:03:02 | INFO: Blender create Mesh node Cube.784
00:03:02 | INFO: Blender create Mesh node Cube.785
00:03:02 | INFO: Blender create Mesh node Cube.786
00:03:02 | INFO: Blender create Mesh node Cube.787
00:03:02 | INFO: Blender create Mesh node Cube.788
00:03:02 | INFO: Blender create Mesh node Cube.789
00:03:02 | INFO: Blender create Mesh node Cube.790
00:03:02 | INFO: Blender create Mesh node Cube.791
00:03:02 | INFO: Blender create Mesh node Cube.792
00:03:02 | INFO: Blender create Mesh node U3 | courtyard
00:03:02 | INFO: Blender create Mesh node Cube.768
00:03:02 | INFO: Blender create Mesh node Cylinder.001
00:03:02 | INFO: Blender create Mesh node Cube.834
00:03:02 | INFO: Blender create Mesh node Cube.835
00:03:02 | INFO: Blender create Mesh node Cube.836
00:03:02 | INFO: Blender create Mesh node Cube.837
00:03:02 | INFO: Blender create Mesh node Cube.844
00:03:02 | INFO: Blender create Mesh node Cube.815
00:03:02 | INFO: Blender create Mesh node Cube.816
00:03:02 | INFO: Blender create Mesh node Cube.813
00:03:02 | INFO: Blender create Mesh node Cube.817
00:03:02 | INFO: Blender create Mesh node Cube.819
00:03:02 | INFO: Blender create Mesh node Cube.821
00:03:02 | INFO: Blender create Mesh node Cube.823
00:03:02 | INFO: Blender create Mesh node Cube.825
00:03:02 | INFO: Blender create Mesh node Cube.827
00:03:02 | INFO: Blender create Mesh node Cube.829
00:03:02 | INFO: Blender create Mesh node Cube.831
00:03:02 | INFO: Blender create Mesh node Cube.833
00:03:02 | INFO: Blender create Mesh node Cube.818
00:03:02 | INFO: Blender create Mesh node Cube.820
00:03:02 | INFO: Blender create Mesh node Cube.822
00:03:02 | INFO: Blender create Mesh node Cube.824
00:03:02 | INFO: Blender create Mesh node Cube.826
00:03:02 | INFO: Blender create Mesh node Cube.828
00:03:02 | INFO: Blender create Mesh node Cube.830
00:03:02 | INFO: Blender create Mesh node Cube.832
00:03:02 | INFO: Blender create Mesh node Cube.838
00:03:02 | INFO: Blender create Mesh node Cube.839
00:03:02 | INFO: Blender create Mesh node Cube.840
00:03:02 | INFO: Blender create Mesh node Cube.841
00:03:02 | INFO: Blender create Mesh node Cube.842
00:03:02 | INFO: Blender create Mesh node Cube.843
00:03:02 | INFO: Blender create Mesh node Cube.814
00:03:02 | INFO: Blender create Mesh node Text J4
00:03:02 | INFO: Blender create Mesh node Text microSD
00:03:02 | INFO: Blender create Mesh node Cube.961
00:03:02 | INFO: Blender create Mesh node Cube.963
00:03:02 | INFO: Blender create Mesh node Cube.965
00:03:02 | INFO: Blender create Mesh node Cube.962
00:03:03 | INFO: Blender create Mesh node Cube.964
00:03:03 | INFO: Blender create Mesh node Cube.971
00:03:03 | INFO: Blender create Mesh node Cube.973
00:03:03 | INFO: Blender create Mesh node Cube.975
00:03:03 | INFO: Blender create Mesh node Cube.972
00:03:03 | INFO: Blender create Mesh node Cube.974
00:03:03 | INFO: Blender create Mesh node Cube.986
00:03:03 | INFO: Blender create Mesh node Cube.988
00:03:03 | INFO: Blender create Mesh node Cube.990
00:03:03 | INFO: Blender create Mesh node Cube.987
00:03:03 | INFO: Blender create Mesh node Cube.989
00:03:03 | INFO: Blender create Mesh node Cube.996
00:03:03 | INFO: Blender create Mesh node Cube.998
00:03:03 | INFO: Blender create Mesh node Cube.1000
00:03:03 | INFO: Blender create Mesh node Cube.997
00:03:03 | INFO: Blender create Mesh node Cube.999
00:03:03 | INFO: Blender create Mesh node Cube.1006
00:03:03 | INFO: Blender create Mesh node Cube.1008
00:03:03 | INFO: Blender create Mesh node Cube.1010
00:03:03 | INFO: Blender create Mesh node Cube.1007
00:03:03 | INFO: Blender create Mesh node Cube.1009
00:03:03 | INFO: Blender create Mesh node Cube.1011
00:03:03 | INFO: Blender create Mesh node Cube.1013
00:03:03 | INFO: Blender create Mesh node Cube.1015
00:03:03 | INFO: Blender create Mesh node Cube.1012
00:03:03 | INFO: Blender create Mesh node Cube.1014
00:03:03 | INFO: Blender create Mesh node Cube.1021
00:03:03 | INFO: Blender create Mesh node Cube.1023
00:03:03 | INFO: Blender create Mesh node Cube.1025
00:03:03 | INFO: Blender create Mesh node Cube.1016
00:03:03 | INFO: Blender create Mesh node Cube.1019
00:03:03 | INFO: Blender create Mesh node Cube.1017
00:03:03 | INFO: Blender create Mesh node Cube.1018
00:03:03 | INFO: Blender create Mesh node Cube.1020
00:03:03 | INFO: Blender create Mesh node Cube.1022
00:03:03 | INFO: Blender create Mesh node Cube.1024
00:03:03 | INFO: Blender create Mesh node Cube.1026
00:03:03 | INFO: Blender create Mesh node Text EMG / ANALOG
00:03:03 | INFO: Blender create Mesh node Text INA333
00:03:03 | INFO: Blender create Mesh node Text J3
00:03:03 | INFO: Blender create Mesh node Text OPAMP
00:03:03 | INFO: Blender create Mesh node Text OPAMP.001
00:03:03 | INFO: Blender create Mesh node Text U5
00:03:03 | INFO: Blender create Mesh node Text U6
00:03:03 | INFO: Blender create Mesh node Text U7
00:03:03 | INFO: Blender create Mesh node Cube.956
00:03:03 | INFO: Blender create Mesh node Cube.958
00:03:03 | INFO: Blender create Mesh node Cube.960
00:03:03 | INFO: Blender create Mesh node Cube.957
00:03:03 | INFO: Blender create Mesh node Cube.959
00:03:03 | INFO: Blender create Mesh node Cube.966
00:03:03 | INFO: Blender create Mesh node Cube.968
00:03:03 | INFO: Blender create Mesh node Cube.970
00:03:03 | INFO: Blender create Mesh node Cube.967
00:03:03 | INFO: Blender create Mesh node Cube.969
00:03:03 | INFO: Blender create Mesh node Cube.976
00:03:03 | INFO: Blender create Mesh node Cube.978
00:03:03 | INFO: Blender create Mesh node Cube.980
00:03:03 | INFO: Blender create Mesh node Cube.977
00:03:03 | INFO: Blender create Mesh node Cube.979
00:03:03 | INFO: Blender create Mesh node Cube.981
00:03:03 | INFO: Blender create Mesh node Cube.983
00:03:03 | INFO: Blender create Mesh node Cube.985
00:03:03 | INFO: Blender create Mesh node Cube.982
00:03:03 | INFO: Blender create Mesh node Cube.984
00:03:03 | INFO: Blender create Mesh node Cube.991
00:03:03 | INFO: Blender create Mesh node Cube.993
00:03:03 | INFO: Blender create Mesh node Cube.995
00:03:03 | INFO: Blender create Mesh node Cube.992
00:03:03 | INFO: Blender create Mesh node Cube.994
00:03:03 | INFO: Blender create Mesh node Cube.1001
00:03:03 | INFO: Blender create Mesh node Cube.1003
00:03:03 | INFO: Blender create Mesh node Cube.1005
00:03:03 | INFO: Blender create Mesh node Cube.1002
00:03:03 | INFO: Blender create Mesh node Cube.1004
00:03:03 | INFO: Blender create Mesh node Cube.845
00:03:03 | INFO: Blender create Mesh node Cube.847
00:03:03 | INFO: Blender create Mesh node Cube.850
00:03:03 | INFO: Blender create Mesh node Cube.853
00:03:03 | INFO: Blender create Mesh node Cube.856
00:03:03 | INFO: Blender create Mesh node Cube.859
00:03:03 | INFO: Blender create Mesh node Cube.862
00:03:03 | INFO: Blender create Mesh node Cube.865
00:03:03 | INFO: Blender create Mesh node Cube.868
00:03:03 | INFO: Blender create Mesh node Cube.846
00:03:03 | INFO: Blender create Mesh node Cube.849
00:03:03 | INFO: Blender create Mesh node Cube.852
00:03:03 | INFO: Blender create Mesh node Cube.855
00:03:03 | INFO: Blender create Mesh node Cube.858
00:03:03 | INFO: Blender create Mesh node Cube.861
00:03:03 | INFO: Blender create Mesh node Cube.864
00:03:03 | INFO: Blender create Mesh node Cube.867
00:03:03 | INFO: Blender create Mesh node Cylinder.002
00:03:03 | INFO: Blender create Mesh node Cube.848
00:03:03 | INFO: Blender create Mesh node Cube.851
00:03:03 | INFO: Blender create Mesh node Cube.854
00:03:03 | INFO: Blender create Mesh node Cube.857
00:03:03 | INFO: Blender create Mesh node Cube.860
00:03:03 | INFO: Blender create Mesh node Cube.863
00:03:03 | INFO: Blender create Mesh node Cube.866
00:03:03 | INFO: Blender create Mesh node Cube.869
00:03:03 | INFO: Blender create Mesh node Cube.872
00:03:03 | INFO: Blender create Mesh node Cube.875
00:03:03 | INFO: Blender create Mesh node Cube.878
00:03:03 | INFO: Blender create Mesh node Cube.881
00:03:03 | INFO: Blender create Mesh node Cube.884
00:03:03 | INFO: Blender create Mesh node Cube.887
00:03:03 | INFO: Blender create Mesh node Cube.890
00:03:03 | INFO: Blender create Mesh node Cube.893
00:03:03 | INFO: Blender create Mesh node Cube.896
00:03:04 | INFO: Blender create Mesh node Cube.899
00:03:04 | INFO: Blender create Mesh node Cube.902
00:03:04 | INFO: Blender create Mesh node Cube.905
00:03:04 | INFO: Blender create Mesh node Cube.908
00:03:04 | INFO: Blender create Mesh node Cube.911
00:03:04 | INFO: Blender create Mesh node Cube.871
00:03:04 | INFO: Blender create Mesh node Cube.874
00:03:04 | INFO: Blender create Mesh node Cube.877
00:03:04 | INFO: Blender create Mesh node Cube.880
00:03:04 | INFO: Blender create Mesh node Cube.883
00:03:04 | INFO: Blender create Mesh node Cube.886
00:03:04 | INFO: Blender create Mesh node Cube.889
00:03:04 | INFO: Blender create Mesh node Cube.892
00:03:04 | INFO: Blender create Mesh node Cube.895
00:03:04 | INFO: Blender create Mesh node Cube.898
00:03:04 | INFO: Blender create Mesh node Cube.901
00:03:04 | INFO: Blender create Mesh node Cube.904
00:03:04 | INFO: Blender create Mesh node Cube.907
00:03:04 | INFO: Blender create Mesh node Cube.910
00:03:04 | INFO: Blender create Mesh node Cube.870
00:03:04 | INFO: Blender create Mesh node Cylinder.003
00:03:04 | INFO: Blender create Mesh node Cube.873
00:03:04 | INFO: Blender create Mesh node Cube.876
00:03:04 | INFO: Blender create Mesh node Cube.879
00:03:04 | INFO: Blender create Mesh node Cube.882
00:03:04 | INFO: Blender create Mesh node Cube.885
00:03:04 | INFO: Blender create Mesh node Cube.888
00:03:04 | INFO: Blender create Mesh node Cube.891
00:03:04 | INFO: Blender create Mesh node Cube.894
00:03:04 | INFO: Blender create Mesh node Cube.897
00:03:04 | INFO: Blender create Mesh node Cube.900
00:03:04 | INFO: Blender create Mesh node Cube.903
00:03:04 | INFO: Blender create Mesh node Cube.906
00:03:04 | INFO: Blender create Mesh node Cube.909
00:03:04 | INFO: Blender create Mesh node Cube.912
00:03:04 | INFO: Blender create Mesh node Cube.915
00:03:04 | INFO: Blender create Mesh node Cube.918
00:03:04 | INFO: Blender create Mesh node Cube.921
00:03:04 | INFO: Blender create Mesh node Cube.924
00:03:04 | INFO: Blender create Mesh node Cube.927
00:03:04 | INFO: Blender create Mesh node Cube.930
00:03:04 | INFO: Blender create Mesh node Cube.933
00:03:04 | INFO: Blender create Mesh node Cube.936
00:03:04 | INFO: Blender create Mesh node Cube.939
00:03:04 | INFO: Blender create Mesh node Cube.942
00:03:04 | INFO: Blender create Mesh node Cube.945
00:03:04 | INFO: Blender create Mesh node Cube.948
00:03:04 | INFO: Blender create Mesh node Cube.951
00:03:04 | INFO: Blender create Mesh node Cube.954
00:03:04 | INFO: Blender create Mesh node Cube.914
00:03:04 | INFO: Blender create Mesh node Cube.917
00:03:04 | INFO: Blender create Mesh node Cube.920
00:03:04 | INFO: Blender create Mesh node Cube.923
00:03:04 | INFO: Blender create Mesh node Cube.926
00:03:04 | INFO: Blender create Mesh node Cube.929
00:03:04 | INFO: Blender create Mesh node Cube.932
00:03:04 | INFO: Blender create Mesh node Cube.935
00:03:04 | INFO: Blender create Mesh node Cube.938
00:03:04 | INFO: Blender create Mesh node Cube.941
00:03:04 | INFO: Blender create Mesh node Cube.944
00:03:04 | INFO: Blender create Mesh node Cube.947
00:03:04 | INFO: Blender create Mesh node Cube.950
00:03:04 | INFO: Blender create Mesh node Cube.953
00:03:04 | INFO: Blender create Mesh node Cube.913
00:03:04 | INFO: Blender create Mesh node Cylinder.004
00:03:04 | INFO: Blender create Mesh node Cube.916
00:03:04 | INFO: Blender create Mesh node Cube.919
00:03:04 | INFO: Blender create Mesh node Cube.922
00:03:04 | INFO: Blender create Mesh node Cube.925
00:03:04 | INFO: Blender create Mesh node Cube.928
00:03:04 | INFO: Blender create Mesh node Cube.931
00:03:04 | INFO: Blender create Mesh node Cube.934
00:03:04 | INFO: Blender create Mesh node Cube.937
00:03:04 | INFO: Blender create Mesh node Cube.940
00:03:04 | INFO: Blender create Mesh node Cube.943
00:03:04 | INFO: Blender create Mesh node Cube.946
00:03:04 | INFO: Blender create Mesh node Cube.949
00:03:04 | INFO: Blender create Mesh node Cube.952
00:03:04 | INFO: Blender create Mesh node Cube.955
00:03:04 | INFO: Blender create Mesh node Cube.1102
00:03:04 | INFO: Blender create Mesh node Cube.1104
00:03:04 | INFO: Blender create Mesh node Cube.1106
00:03:04 | INFO: Blender create Mesh node Cube.1103
00:03:04 | INFO: Blender create Mesh node Cube.1105
00:03:04 | INFO: Blender create Mesh node Cube.1107
00:03:04 | INFO: Blender create Mesh node Cube.1109
00:03:04 | INFO: Blender create Mesh node Cube.1111
00:03:04 | INFO: Blender create Mesh node Cube.1108
00:03:04 | INFO: Blender create Mesh node Cube.1110
00:03:04 | INFO: Blender create Mesh node Cube.1112
00:03:04 | INFO: Blender create Mesh node Cube.1114
00:03:04 | INFO: Blender create Mesh node Cube.1116
00:03:04 | INFO: Blender create Mesh node Cube.1113
00:03:04 | INFO: Blender create Mesh node Cube.1115
00:03:04 | INFO: Blender create Mesh node Cube.1117
00:03:04 | INFO: Blender create Mesh node Cube.1119
00:03:04 | INFO: Blender create Mesh node Cube.1121
00:03:04 | INFO: Blender create Mesh node Cube.1118
00:03:04 | INFO: Blender create Mesh node Cube.1120
00:03:04 | INFO: Blender create Mesh node Cube.1122
00:03:04 | INFO: Blender create Mesh node Cube.1124
00:03:04 | INFO: Blender create Mesh node Cube.1126
00:03:04 | INFO: Blender create Mesh node Cube.1123
00:03:04 | INFO: Blender create Mesh node Cube.1125
00:03:04 | INFO: Blender create Mesh node Cube.1127
00:03:04 | INFO: Blender create Mesh node Cube.1129
00:03:04 | INFO: Blender create Mesh node Cube.1131
00:03:04 | INFO: Blender create Mesh node Cube.1128
00:03:04 | INFO: Blender create Mesh node Cube.1130
00:03:04 | INFO: Blender create Mesh node Cube.1132
00:03:04 | INFO: Blender create Mesh node Cube.1134
00:03:04 | INFO: Blender create Mesh node Cube.1136
00:03:04 | INFO: Blender create Mesh node Cube.1133
00:03:04 | INFO: Blender create Mesh node Cube.1135
00:03:04 | INFO: Blender create Mesh node Cube.1137
00:03:04 | INFO: Blender create Mesh node Cube.1139
00:03:04 | INFO: Blender create Mesh node Cube.1141
00:03:04 | INFO: Blender create Mesh node Cube.1138
00:03:04 | INFO: Blender create Mesh node Cube.1140
00:03:04 | INFO: Blender create Mesh node Cube.1142
00:03:04 | INFO: Blender create Mesh node Cube.1144
00:03:04 | INFO: Blender create Mesh node Cube.1146
00:03:04 | INFO: Blender create Mesh node Cube.1143
00:03:04 | INFO: Blender create Mesh node Cube.1145
00:03:04 | INFO: Blender create Mesh node Cube.1147
00:03:04 | INFO: Blender create Mesh node Cube.1149
00:03:04 | INFO: Blender create Mesh node Cube.1151
00:03:04 | INFO: Blender create Mesh node Cube.1148
00:03:04 | INFO: Blender create Mesh node Cube.1150
00:03:04 | INFO: Blender create Mesh node Cube.1152
00:03:04 | INFO: Blender create Mesh node Cube.1154
00:03:04 | INFO: Blender create Mesh node Cube.1156
00:03:04 | INFO: Blender create Mesh node Cube.1153
00:03:04 | INFO: Blender create Mesh node Cube.1155
00:03:04 | INFO: Blender create Mesh node Cube.1157
00:03:04 | INFO: Blender create Mesh node Cube.1159
00:03:04 | INFO: Blender create Mesh node Cube.1161
00:03:04 | INFO: Blender create Mesh node Cube.1158
00:03:04 | INFO: Blender create Mesh node Cube.1160
00:03:04 | INFO: Blender create Mesh node Cube.1162
00:03:04 | INFO: Blender create Mesh node Cube.1164
00:03:04 | INFO: Blender create Mesh node Cube.1166
00:03:04 | INFO: Blender create Mesh node Cube.1163
00:03:04 | INFO: Blender create Mesh node Cube.1165
00:03:04 | INFO: Blender create Mesh node Cube.1172
00:03:04 | INFO: Blender create Mesh node Cube.1174
00:03:04 | INFO: Blender create Mesh node Cube.1176
00:03:04 | INFO: Blender create Mesh node Cube.1167
00:03:04 | INFO: Blender create Mesh node Cube.1170
00:03:04 | INFO: Blender create Mesh node Cube.1168
00:03:04 | INFO: Blender create Mesh node Cube.1169
00:03:04 | INFO: Blender create Mesh node Cube.1171
00:03:04 | INFO: Blender create Mesh node Cube.1173
00:03:04 | INFO: Blender create Mesh node Cube.1175
00:03:04 | INFO: Blender create Mesh node Cube.1177
00:03:04 | INFO: Blender create Mesh node Cube.1060
00:03:04 | INFO: Blender create Mesh node Cube.1062
00:03:04 | INFO: Blender create Mesh node Cube.1063
00:03:04 | INFO: Blender create Mesh node Cube.1061
00:03:04 | INFO: Blender create Mesh node Text 1V8
00:03:04 | INFO: Blender create Mesh node Text 2R2
00:03:04 | INFO: Blender create Mesh node Text AFE LDO
00:03:04 | INFO: Blender create Mesh node Text BAT / NTC
00:03:04 | INFO: Blender create Mesh node Text BQ24074
00:03:04 | INFO: Blender create Mesh node Text TPS63070
00:03:04 | INFO: Blender create Mesh node Text U8
00:03:04 | INFO: Blender create Mesh node Text U9
00:03:04 | INFO: Blender create Mesh node Text U10
00:03:04 | INFO: Blender create Mesh node Text U11
00:03:04 | INFO: Blender create Mesh node Cube.1027
00:03:04 | INFO: Blender create Mesh node Cube.1028
00:03:04 | INFO: Blender create Mesh node Cube.1029
00:03:04 | INFO: Blender create Mesh node Cube.1030
00:03:04 | INFO: Blender create Mesh node Cube.1031
00:03:04 | INFO: Blender create Mesh node Cube.1032
00:03:04 | INFO: Blender create Mesh node Cube.1033
00:03:04 | INFO: Blender create Mesh node Cube.1034
00:03:04 | INFO: Blender create Mesh node Cube.1035
00:03:04 | INFO: Blender create Mesh node Cube.1036
00:03:04 | INFO: Blender create Mesh node Cube.1037
00:03:04 | INFO: Blender create Mesh node Cube.1038
00:03:04 | INFO: Blender create Mesh node Cube.1039
00:03:04 | INFO: Blender create Mesh node Cube.1040
00:03:04 | INFO: Blender create Mesh node Cube.1041
00:03:04 | INFO: Blender create Mesh node Cube.1042
00:03:04 | INFO: Blender create Mesh node Cube.1043
00:03:04 | INFO: Blender create Mesh node Cylinder.005
00:03:04 | INFO: Blender create Mesh node Cube.1045
00:03:04 | INFO: Blender create Mesh node Cube.1046
00:03:04 | INFO: Blender create Mesh node Cube.1047
00:03:04 | INFO: Blender create Mesh node Cube.1048
00:03:04 | INFO: Blender create Mesh node Cube.1049
00:03:04 | INFO: Blender create Mesh node Cube.1050
00:03:04 | INFO: Blender create Mesh node Cube.1051
00:03:04 | INFO: Blender create Mesh node Cube.1052
00:03:04 | INFO: Blender create Mesh node Cube.1053
00:03:04 | INFO: Blender create Mesh node Cube.1054
00:03:04 | INFO: Blender create Mesh node Cube.1055
00:03:04 | INFO: Blender create Mesh node Cube.1056
00:03:04 | INFO: Blender create Mesh node Cube.1057
00:03:04 | INFO: Blender create Mesh node Cube.1058
00:03:04 | INFO: Blender create Mesh node Cube.1059
00:03:04 | INFO: Blender create Mesh node Cylinder.006
00:03:04 | INFO: Blender create Mesh node Cube.1044
00:03:04 | INFO: Blender create Mesh node Cube.1064
00:03:04 | INFO: Blender create Mesh node Cube.1066
00:03:04 | INFO: Blender create Mesh node Cube.1069
00:03:04 | INFO: Blender create Mesh node Cube.1072
00:03:05 | INFO: Blender create Mesh node Cube.1075
00:03:05 | INFO: Blender create Mesh node Cube.1078
00:03:05 | INFO: Blender create Mesh node Cube.1081
00:03:05 | INFO: Blender create Mesh node Cube.1065
00:03:05 | INFO: Blender create Mesh node Cube.1068
00:03:05 | INFO: Blender create Mesh node Cube.1071
00:03:05 | INFO: Blender create Mesh node Cube.1074
00:03:05 | INFO: Blender create Mesh node Cube.1077
00:03:05 | INFO: Blender create Mesh node Cube.1080
00:03:05 | INFO: Blender create Mesh node Cylinder.007
00:03:05 | INFO: Blender create Mesh node Cube.1067
00:03:05 | INFO: Blender create Mesh node Cube.1070
00:03:05 | INFO: Blender create Mesh node Cube.1073
00:03:05 | INFO: Blender create Mesh node Cube.1076
00:03:05 | INFO: Blender create Mesh node Cube.1079
00:03:05 | INFO: Blender create Mesh node Cube.1082
00:03:05 | INFO: Blender create Mesh node Cube.1083
00:03:05 | INFO: Blender create Mesh node Cube.1085
00:03:05 | INFO: Blender create Mesh node Cube.1088
00:03:05 | INFO: Blender create Mesh node Cube.1091
00:03:05 | INFO: Blender create Mesh node Cube.1094
00:03:05 | INFO: Blender create Mesh node Cube.1097
00:03:05 | INFO: Blender create Mesh node Cube.1100
00:03:05 | INFO: Blender create Mesh node Cube.1084
00:03:05 | INFO: Blender create Mesh node Cube.1087
00:03:05 | INFO: Blender create Mesh node Cube.1090
00:03:05 | INFO: Blender create Mesh node Cube.1093
00:03:05 | INFO: Blender create Mesh node Cube.1096
00:03:05 | INFO: Blender create Mesh node Cube.1099
00:03:05 | INFO: Blender create Mesh node Cylinder.008
00:03:05 | INFO: Blender create Mesh node Cube.1086
00:03:05 | INFO: Blender create Mesh node Cube.1089
00:03:05 | INFO: Blender create Mesh node Cube.1092
00:03:05 | INFO: Blender create Mesh node Cube.1095
00:03:05 | INFO: Blender create Mesh node Cube.1098
00:03:05 | INFO: Blender create Mesh node Cube.1101
00:03:05 | INFO: Blender create Mesh node Cube.1224
00:03:05 | INFO: Blender create Mesh node Cube.1226
00:03:05 | INFO: Blender create Mesh node Cube.1227
00:03:05 | INFO: Blender create Mesh node Cube.1225
00:03:05 | INFO: Blender create Mesh node Cube.1179
00:03:05 | INFO: Blender create Mesh node Cube.1204
00:03:05 | INFO: Blender create Mesh node Cube.1205
00:03:05 | INFO: Blender create Mesh node Cube.1206
00:03:05 | INFO: Blender create Mesh node Cube.1207
00:03:05 | INFO: Blender create Mesh node Cube.1180
00:03:05 | INFO: Blender create Mesh node Cube.1181
00:03:05 | INFO: Blender create Mesh node Cube.1182
00:03:05 | INFO: Blender create Mesh node Cube.1183
00:03:05 | INFO: Blender create Mesh node Cube.1184
00:03:05 | INFO: Blender create Mesh node Cube.1185
00:03:05 | INFO: Blender create Mesh node Cube.1186
00:03:05 | INFO: Blender create Mesh node Cube.1187
00:03:05 | INFO: Blender create Mesh node Cube.1188
00:03:05 | INFO: Blender create Mesh node Cube.1189
00:03:05 | INFO: Blender create Mesh node Cube.1190
00:03:05 | INFO: Blender create Mesh node Cube.1191
00:03:05 | INFO: Blender create Mesh node Cube.1192
00:03:05 | INFO: Blender create Mesh node Cube.1193
00:03:05 | INFO: Blender create Mesh node Cube.1194
00:03:05 | INFO: Blender create Mesh node Cube.1195
00:03:05 | INFO: Blender create Mesh node Cube.1196
00:03:05 | INFO: Blender create Mesh node Cube.1197
00:03:05 | INFO: Blender create Mesh node Cube.1198
00:03:05 | INFO: Blender create Mesh node Cube.1199
00:03:05 | INFO: Blender create Mesh node Cube.1200
00:03:05 | INFO: Blender create Mesh node Cube.1201
00:03:05 | INFO: Blender create Mesh node Cube.1202
00:03:05 | INFO: Blender create Mesh node Cube.1203
00:03:05 | INFO: Blender create Mesh node Cube.1178
00:03:05 | INFO: Blender create Mesh node Text 3V3
00:03:05 | INFO: Blender create Mesh node Text BOOT
00:03:05 | INFO: Blender create Mesh node Text CHG
00:03:05 | INFO: Blender create Mesh node Text GND
00:03:05 | INFO: Blender create Mesh node Text IO0
00:03:05 | INFO: Blender create Mesh node Text PWR
00:03:05 | INFO: Blender create Mesh node Text RST
00:03:05 | INFO: Blender create Mesh node Text RX
00:03:05 | INFO: Blender create Mesh node Text TX
00:03:05 | INFO: Blender create Mesh node Text USB-C
00:03:05 | INFO: Blender create Mesh node Cube.1220
00:03:05 | INFO: Blender create Mesh node Cube.1222
00:03:05 | INFO: Blender create Mesh node Cube.1223
00:03:05 | INFO: Blender create Mesh node Cube.1221
00:03:05 | INFO: Blender create Mesh node Cylinder.009
00:03:05 | INFO: Blender create Mesh node Cube.1210
00:03:05 | INFO: Blender create Mesh node Cube.1211
00:03:05 | INFO: Blender create Mesh node Cube.1212
00:03:05 | INFO: Blender create Mesh node Cube.1213
00:03:05 | INFO: Blender create Mesh node Cube.1209
00:03:05 | INFO: Blender create Mesh node Cube.1208
00:03:05 | INFO: Blender create Mesh node Cylinder.010
00:03:05 | INFO: Blender create Mesh node Cube.1216
00:03:05 | INFO: Blender create Mesh node Cube.1217
00:03:05 | INFO: Blender create Mesh node Cube.1218
00:03:05 | INFO: Blender create Mesh node Cube.1219
00:03:05 | INFO: Blender create Mesh node Cube.1215
00:03:05 | INFO: Blender create Mesh node Cube.1214
00:03:05 | INFO: Blender create Mesh node Cylinder.011
00:03:05 | INFO: Blender create Mesh node Cylinder.012
00:03:05 | INFO: Blender create Mesh node Cylinder.013
00:03:05 | INFO: Blender create Mesh node Cylinder.014
00:03:05 | INFO: Blender create Mesh node Cylinder.015
00:03:05 | INFO: Blender create Mesh node Cube.1249
00:03:05 | INFO: Blender create Mesh node Cube.1251
00:03:05 | INFO: Blender create Mesh node Cube.1253
00:03:05 | INFO: Blender create Mesh node Cube.1250
00:03:05 | INFO: Blender create Mesh node Cube.1252
00:03:05 | INFO: Blender create Mesh node Cube.1254
00:03:05 | INFO: Blender create Mesh node Cube.1256
00:03:05 | INFO: Blender create Mesh node Cube.1258
00:03:05 | INFO: Blender create Mesh node Cube.1255
00:03:05 | INFO: Blender create Mesh node Cube.1257
00:03:05 | INFO: Blender create Mesh node Cube.1259
00:03:05 | INFO: Blender create Mesh node Cube.1261
00:03:05 | INFO: Blender create Mesh node Cube.1263
00:03:05 | INFO: Blender create Mesh node Cube.1260
00:03:05 | INFO: Blender create Mesh node Cube.1262
00:03:05 | INFO: Blender create Mesh node Cube.1264
00:03:05 | INFO: Blender create Mesh node Cube.1266
00:03:05 | INFO: Blender create Mesh node Cube.1268
00:03:05 | INFO: Blender create Mesh node Cube.1265
00:03:05 | INFO: Blender create Mesh node Cube.1267
00:03:05 | INFO: Blender create Mesh node Text OPTICAL / SKIN
00:03:05 | INFO: Blender create Mesh node Text U2 / MAX30102
00:03:05 | INFO: Blender create Mesh node Cube.1230
00:03:06 | INFO: Blender create Mesh node Cube.1232
00:03:06 | INFO: Blender create Mesh node Cube.1231
00:03:06 | INFO: Blender create Mesh node Cube.1233
00:03:06 | INFO: Blender create Mesh node Cube.1235
00:03:06 | INFO: Blender create Mesh node Cube.1236
00:03:06 | INFO: Blender create Mesh node Cube.1237
00:03:06 | INFO: Blender create Mesh node Cube.1238
00:03:06 | INFO: Blender create Mesh node Cube.1239
00:03:06 | INFO: Blender create Mesh node Cube.1240
00:03:06 | INFO: Blender create Mesh node Cube.1241
00:03:06 | INFO: Blender create Mesh node Cube.1242
00:03:06 | INFO: Blender create Mesh node Cube.1243
00:03:06 | INFO: Blender create Mesh node Cube.1244
00:03:06 | INFO: Blender create Mesh node Cube.1245
00:03:06 | INFO: Blender create Mesh node Cube.1246
00:03:06 | INFO: Blender create Mesh node Cube.1247
00:03:06 | INFO: Blender create Mesh node Cube.1248
00:03:06 | INFO: Blender create Mesh node Cube.1228
00:03:06 | INFO: Blender create Mesh node Cube.1229
00:03:06 | INFO: Blender create Mesh node Cube.1234
00:03:06 | INFO: Blender create Mesh node Text DS18B20
00:03:06 | INFO: Blender create Mesh node Text SKIN TEMP
00:03:06 | INFO: Blender create Mesh node Text U4
00:03:06 | INFO: Blender create Mesh node Cube.1294
00:03:06 | INFO: Blender create Mesh node Cube.1296
00:03:06 | INFO: Blender create Mesh node Cube.1298
00:03:06 | INFO: Blender create Mesh node Cube.1295
00:03:06 | INFO: Blender create Mesh node Cube.1297
00:03:06 | INFO: Blender create Mesh node Cube.1269
00:03:06 | INFO: Blender create Mesh node Cube.1271
00:03:06 | INFO: Blender create Mesh node Cube.1274
00:03:06 | INFO: Blender create Mesh node Cube.1277
00:03:06 | INFO: Blender create Mesh node Cube.1280
00:03:06 | INFO: Blender create Mesh node Cube.1283
00:03:06 | INFO: Blender create Mesh node Cube.1286
00:03:06 | INFO: Blender create Mesh node Cube.1289
00:03:06 | INFO: Blender create Mesh node Cube.1292
00:03:06 | INFO: Blender create Mesh node Cube.1270
00:03:06 | INFO: Blender create Mesh node Cube.1273
00:03:06 | INFO: Blender create Mesh node Cube.1276
00:03:06 | INFO: Blender create Mesh node Cube.1279
00:03:06 | INFO: Blender create Mesh node Cube.1282
00:03:06 | INFO: Blender create Mesh node Cube.1285
00:03:06 | INFO: Blender create Mesh node Cube.1288
00:03:06 | INFO: Blender create Mesh node Cube.1291
00:03:06 | INFO: Blender create Mesh node Cylinder.016
00:03:06 | INFO: Blender create Mesh node Cube.1272
00:03:06 | INFO: Blender create Mesh node Cube.1275
00:03:06 | INFO: Blender create Mesh node Cube.1278
00:03:06 | INFO: Blender create Mesh node Cube.1281
00:03:06 | INFO: Blender create Mesh node Cube.1284
00:03:06 | INFO: Blender create Mesh node Cube.1287
00:03:06 | INFO: Blender create Mesh node Cube.1290
00:03:06 | INFO: Blender create Mesh node Cube.1293
00:03:06 | INFO: Blender create Mesh node Bottom visual route 0
00:03:06 | INFO: Blender create Mesh node Bottom visual route 1
00:03:06 | INFO: Blender create Mesh node Bottom visual route 2
00:03:06 | INFO: Blender create Mesh node Bottom visual route 3
00:03:06 | INFO: Blender create Mesh node Cylinder.017
00:03:06 | INFO: Blender create Mesh node Cylinder.018
00:03:06 | INFO: Blender create Mesh node Cylinder.019
00:03:06 | INFO: Blender create Mesh node Text 3D ASSEMBLY CONCEPT
00:03:06 | INFO: Blender create Mesh node Text G1
00:03:06 | INFO: Blender create Mesh node Text G1.001
00:03:06 | INFO: Blender create Mesh node Text G-ONE WEARABLE
00:03:06 | INFO: Blender create Mesh node Text REV A
00:03:06 | INFO: Blender create Mesh node Text REV A  /  64 x 44 mm
00:03:06 | INFO: Blender create Mesh node Visual routing 0.0 | NOT a netlist
00:03:06 | INFO: Blender create Mesh node Visual routing 0.1 | NOT a netlist
00:03:06 | INFO: Blender create Mesh node Visual routing 1.0 | NOT a netlist
00:03:06 | INFO: Blender create Mesh node Visual routing 1.1 | NOT a netlist
00:03:06 | INFO: Blender create Mesh node Visual routing 2.0 | NOT a netlist
00:03:06 | INFO: Blender create Mesh node Visual routing 2.1 | NOT a netlist
00:03:06 | INFO: Blender create Mesh node Visual routing 3.0 | NOT a netlist
00:03:06 | INFO: Blender create Mesh node Visual routing 3.1 | NOT a netlist
00:03:06 | INFO: Blender create Mesh node Visual routing 4.0 | NOT a netlist
00:03:06 | INFO: Blender create Mesh node Visual routing 4.1 | NOT a netlist
00:03:06 | INFO: Blender create Mesh node Visual routing 5.0 | NOT a netlist
00:03:06 | INFO: Blender create Mesh node Visual routing 6.0 | NOT a netlist
00:03:06 | INFO: Blender create Mesh node Visual routing 7.0 | NOT a netlist
00:03:06 | INFO: Blender create Mesh node Visual routing 8.0 | NOT a netlist
00:03:06 | INFO: Blender create Mesh node Visual routing 9.0 | NOT a netlist
00:03:06 | INFO: Blender create Mesh node Visual routing 10.0 | NOT a netlist
00:03:06 | INFO: Blender create Mesh node Visual routing 11.0 | NOT a netlist
00:03:06 | INFO: Blender create Mesh node Visual routing 12.0 | NOT a netlist
00:03:06 | INFO: Blender create Mesh node Visual routing 13.0 | NOT a netlist
00:03:06 | INFO: glTF import finished in 5.28s
EXPORT_VALIDATED {"file": "G-one-PCB-before-enhancement.glb", "bytes": 11352108, "meshes": 892, "triangles": 233574, "materials": 15, "bounds_metres": [[-0.02200000174343586, -0.033890027552843094, -0.002243500202894211], [0.02200000174343586, 0.03800000250339508, 0.0037500003818422556]], "board_dimensions_metres": [0.04400000348687172, 0.06400000303983688, 0.0010000000474974513], "roundtrip_max_error_metres": 0.0, "source_sha256": "683d34985e1beea9d81c644c28a194e30e60bf3a7ea2bb9b2590073ada37c5d2", "source_unchanged": true, "self_contained": true, "material_note": "Portable PBR colors, metallic and roughness; procedural micro-bump omitted."}
BOTH_EXPORTS_VALIDATED
Blender 5.2.2 LTS (hash d13f752e3b9c built 2026-09-15 01:37:04)

Blender quit
